Sample,Bilo_1,Bilo_2,Bilo_3,EfBt_1,EfBt_2,EfBt_3,Bw_Ef_Bt_1,Bw_Ef_Bt_2,Bw_Ef_Bt_3,N_1,N_2,N_3
Label,Bw_mono_4h,Bw_mono_4h,Bw_mono_4h,Ef_Bt_4h,Ef_Bt_4h,Ef_Bt_4h,Bw_Ef_Bt_4h,Bw_Ef_Bt_4h,Bw_Ef_Bt_4h,Negative control,Negative control,Negative control
Butylamine,166.5087526,175.9359862,160.7758459,176.2690163,176.3642806,199.0002946,185.7094669,175.2787329,164.6217456,154.7831016,179.9321874,177.8079141
Pyridine,1351.449355,1235.051584,1268.616938,1379.827993,1307.717408,1152.839924,1132.946083,1145.461003,1256.612376,1136.869608,1207.219522,1155.824672
2-Methylimidazole,50.47778772,47.03330964,54.30175612,77.75110304,61.55084404,50.1668388,75.48915552,92.26364712,69.79024304,63.04022728,68.41131444,71.960071
3-Methylpyrazole,267.231276,250.5704942,280.9899383,264.3809162,264.3380219,268.6144667,267.471267,266.4173561,275.0452996,273.0237201,305.4075547,289.2274786
2-Pyrrolidinone,578.6725736,633.9578764,575.7483264,704.8319148,371.7359227,633.9403948,739.3205612,611.5071432,654.7772596,461.5996088,338.036822,510.7581276
Methacrylamide,40.75523992,54.75828732,27.39164321,53.4379474,33.32489248,40.61668836,36.82778151,35.91204796,27.72901478,36.58063653,29.6694168,25.32036293
Piperidine,36928.37033,28583.95107,33402.11554,32140.65571,33228.57212,27128.42488,33176.93223,32881.68942,32108.82384,26122.9455,34207.999,31056.40345
Diacetyl,403.5088008,403.1412508,416.2738964,418.3630016,416.1060656,415.7285636,412.4312156,426.2306972,427.6430556,408.0476144,414.1005176,402.3473756
Isobutyric acid,728.7065804,514.6331228,178.4666998,942.40395,200.1377252,195.0207936,179.7273543,196.329721,186.3343764,157.0472566,164.3134916,143.4010183
Aniline,470.1000884,418.3529736,530.099364,481.7026008,562.4643844,387.200961,455.0294908,568.4492916,437.0767612,281.5889976,332.0596119,300.3256313
Phenol,1220.319505,1247.884925,1205.412889,1440.91995,3718.68971,3588.030115,1167.104158,3448.610035,3777.68058,1253.664716,1183.637222,1193.025516
4-Methylpyrimidine,358.5061939,397.4479724,368.091787,358.3940735,364.1439078,360.2122181,369.2416574,381.5590286,357.315776,412.458444,377.8410742,380.6379371
Orthophosphate,860.7425776,708.719636,848.5012044,1004.777053,891.5138132,892.8468028,842.8272416,961.5642996,682.9602828,888.3555316,978.4745796,934.4069216
N-Methyl-2-pyrrolidone,240.8453476,235.510387,253.0765925,349.4861827,415.1191076,413.9715208,458.2669088,512.890724,91.6416114,257.2651093,253.2355137,206.0797971
1-aminocyclopropane-1-carboxylic acid,3374.275518,3841.167468,3521.632346,3206.017866,4288.972464,2566.089798,4369.516148,3810.275068,3748.492682,3412.380823,3576.175378,1236.747844
Cyclopentanone,426.1026124,446.1394104,428.567258,432.6944148,429.8380672,449.5920416,440.8328692,461.0852772,441.8966828,441.9124008,459.5844784,450.3272332
Hexylamine,4908.195344,4722.9409,5208.395932,6164.474992,5284.515892,4999.124308,5385.2504,6028.028184,5962.272568,1097.15964,5123.19824,5043.229892
Acetoacetate,679.9179692,629.9967856,647.2375724,697.042328,683.0532716,681.4213384,662.7746572,708.0041264,691.04233,686.6589892,698.8969912,668.4719032
Choline,8964.13906,9173.697784,9444.85466,11595.36956,9757.457552,10645.34074,10106.037,11462.11068,11025.09948,11270.17166,10746.81624,10080.82132
2-Cyanopyridine,187.7837628,154.336999,165.7122651,169.1646142,158.314848,158.1569312,205.7820229,180.8516644,195.1349671,132.3756202,142.4888389,139.3359104
"2,3-diaminopropionic acid",1499.639148,1782.258363,1647.694752,1677.640686,1663.237225,1639.748723,1687.196068,1656.313211,1629.954996,1573.434306,1697.727608,1484.902172
Styrene,593.8545504,639.0291468,571.0644392,10951.8756,11528.53168,11192.9836,12290.27298,11860.53736,13409.54518,554.3392628,546.5925132,568.4033724
Benzyl alcohol,384.0649905,415.9645524,412.5308404,457.3757964,425.0718604,416.3180856,423.4917932,447.815128,437.6978032,409.741338,419.18757,402.290078
3-Pyridinemthanol,421.5546376,395.3627744,399.0628889,442.6324436,399.8265469,386.2764573,384.6583699,782.7701412,407.0230156,445.8116736,379.6959713,377.725931
Catechol,1329.08742,1325.268691,1296.78948,829.2995416,1370.913928,1259.230762,1345.412186,1481.529684,1443.206905,1739.872585,1383.782554,1355.736799
Hydroquinone,437.1404004,643.0033528,1367.502726,1645.100524,1502.716984,1324.965226,1344.517649,1489.473078,1469.589706,1353.973717,2454.220367,1292.488786
1-Acetylimidazole,133.6552974,152.2059031,147.877551,157.1720892,197.3165189,170.0188718,192.7751651,179.7351031,192.0430484,140.8354517,169.1522064,157.1481102
Pyrrole-2-carboxylic acid,125.4370933,98.4444156,99.90618204,104.623033,106.6039788,94.9502124,114.227944,113.2407926,127.2155999,98.05366612,124.2171142,128.6277588
Cytosine,999.385998,952.926474,1021.343504,474.0707184,466.5317448,427.4687472,409.0519156,449.491034,475.1877756,1046.345072,1042.172615,1018.40337
Histamine,2222.353947,2211.798807,2034.860355,1673.165828,1677.721612,1652.119291,1670.984232,1676.645807,1632.700211,2152.01594,2232.676148,2103.522629
Uracil,197.945457,198.0440911,211.3422496,224.8672594,212.7272915,228.2203266,227.2785502,207.6914164,210.0771801,206.5123512,209.4026605,180.2049484
Creatinine,5025.66724,4925.95592,3989.866088,1760.045296,2456.96639,1731.628402,2363.340386,1812.086446,2479.074886,4994.036072,5096.345464,4194.705096
Caprolactam,1856.799774,1933.785734,1954.166753,388.9587697,2128.551372,2133.870059,2345.108795,512.3663652,251.8960548,2098.650619,2616.943599,2155.957186
"5,6-dihydrouracil",138.8733973,155.8137225,133.8539563,149.748319,125.047903,139.9648236,133.8976079,142.4949791,145.9404332,149.7767544,148.2278292,144.3367229
Prolinamide,1783.403987,1471.360052,1592.908047,1295.893017,1341.080087,1371.418652,1737.729161,1661.340954,1452.017572,1496.248311,1674.232548,1762.984742
Proline,6493.017008,6656.32032,7240.99048,3721.484703,3867.065779,3894.258842,3990.449845,3999.14881,5295.802348,6224.54554,7700.453716,6655.66608
Ethylbutanoate,63.90548148,67.54998324,53.02539028,69.36139212,57.61843776,57.39271332,95.29258916,101.1732757,102.8393705,26.12818379,25.2225647,20.14478567
Indole,42245.24472,39015.99747,39628.58021,42130.57588,40754.49484,42809.57868,43450.067,45315.4244,42867.08804,39864.57836,42382.66612,39198.65084
Betaine,21686.29317,20047.6258,20405.45306,20329.83592,19866.14629,19394.04578,18284.28404,20071.562,19768.82356,22201.32138,21173.88811,20067.19969
Valine,2497.871806,2484.70797,2550.968533,1678.008638,1385.090864,1383.678098,1485.450438,1458.830041,1323.232647,2332.27825,2446.159508,2605.443351
"Threonic acid-1,4-lactone",1080.891039,1039.500109,1026.138525,3118.444275,3494.172345,3510.178314,3351.461669,3124.67747,3311.831517,2488.913164,2666.073343,2734.79178
Methyl-3-hydroxybutyric acid,16228.23984,14613.66875,14432.06228,17343.58728,15254.04766,15861.62072,15022.99563,17289.54993,15996.73601,15543.98985,15818.72479,14590.58126
2-Hydroxybenzonitrile,526.2887836,554.4545976,596.1387584,1328.912462,1355.211504,1278.42527,1348.653712,1382.277885,1349.059552,610.0113588,529.1844092,632.2800424
1H-Benzotriazole,95.60522124,114.4265382,105.512298,125.1850414,122.2233821,128.4143365,129.0698892,95.224272,116.9855499,123.2677066,109.7279042,118.7125051
Indoline,339352.3773,323282.6528,326712.9782,340643.514,355996.1338,355638.7929,338786.3995,339447.238,342831.7906,323529.168,332691.4046,330975.6513
"2,4-dihydroxybutanoic acid",1.794537832,1.749032876,1.693130316,11.07161628,7.083767708,2.115431008,88.105851,2.186875724,3.44206404,1.687380276,1.770578748,1.75162842
Phenylacetaldehyde,1024.500408,1025.670835,975.5105504,1355.93497,1608.767335,1571.390298,1379.715566,1405.95133,1431.677422,1390.317365,1134.731456,1147.187354
Benzamidine,615.522358,609.3595428,532.8832296,578.20543,538.6651968,518.7730584,542.3180576,527.6784836,544.6552332,493.4263388,511.3117948,535.7740584
Benzamide,151.0573839,142.6728618,124.8456048,136.5860692,130.6423668,122.7967382,119.8580408,129.2055775,129.0342336,130.3364098,126.0657745,128.2884648
Phenylethylamine,47.62032304,43.81882196,35.15778364,54.79341432,56.13469484,42.36680964,251.2923034,54.73190356,49.48406096,52.2619298,46.46135272,48.8076528
4-Hydroxybenzaldehyde,10139.26556,10313.5972,10285.80882,96.58392024,85.92440212,156.7978924,172.8225975,155.2576854,173.7368525,9599.13902,9634.7288,9758.501484
Threitol,154.9539352,161.0389193,161.2539496,195.1231371,186.2477457,191.0549632,198.8486808,198.5372662,200.9516412,163.3086567,156.7558124,161.3927024
Nicotinamide,2461.268148,2208.189766,2209.608405,157.914799,184.0223765,179.7513367,173.1371725,183.9967655,180.5323741,2377.878539,2466.767592,2500.625622
2-(2-Aminoethyl)pyridine,275.0195094,178.4716552,253.6335518,269.9174978,155.8734731,259.9171236,127.5097968,243.8557661,178.3428567,156.9328678,243.2984174,236.6497166
4-(Dimethylamino)pyridine,657.9960868,577.9778748,530.5544236,750.6783304,745.414846,591.56528,761.1066736,763.209324,674.5048448,713.2944308,641.1718988,682.289552
Nicotinic acid,851.0440916,737.8893068,750.4212172,2757.729114,2836.720028,2748.631019,2814.8792,2772.757873,2708.584888,813.04253,866.0830372,850.230856
4-Methoxyaniline,797.3514684,784.7679984,757.1442224,805.1919916,865.3134284,910.341462,886.1393556,844.6769188,897.732116,800.0358316,783.1257596,881.4538004
Taurine,431.3711008,353.0579458,490.9914196,643.3988504,610.5058304,564.2264744,514.4017044,525.0812628,542.4067512,630.8211316,583.9967468,545.6134208
Maltol,195.5790115,359.7878004,306.6014956,325.2850194,374.6145977,344.7898767,335.3797368,345.8066717,317.9564736,333.7838376,329.0763176,280.2004091
4-imidazoleacetic acid,431.5803896,462.0835336,403.6704768,87.63913792,496.5579328,514.3301048,512.65737,276.5348795,70.93353448,64.06572148,386.2133723,452.8065176
4-Piperidinecarboxamide,10553.17244,5481.079328,34083.1116,35854.07548,38520.64803,38482.40106,38897.08453,20979.10169,38396.80773,35876.46441,12304.04793,34801.38956
Isoquinoline,2767.854804,2847.584998,2934.110118,2892.618245,3010.016462,3127.129395,3314.96611,2819.044759,3113.834386,2921.631714,3136.132842,2955.909881
Quinoline,1219.50227,1207.107466,1184.337332,1166.449746,1157.796645,1148.397856,1081.02258,1087.780704,1237.615732,952.0582144,1023.649528,1014.156427
Pipecolic acid,222.6975314,271.9341142,232.5224952,293.0629352,133.6138567,135.0048778,188.2688669,192.5084813,149.851633,215.936753,197.8572434,248.1930708
Creatine,315.7522779,290.7118208,314.4134016,320.8671031,321.7062474,313.3614057,285.0057783,307.1085854,297.9326196,331.365088,328.4141903,320.4586617
Skatole,6687.898868,6611.669596,6529.030088,6339.352492,6410.991,6944.804676,7019.982244,6893.690764,6744.46978,6115.394696,6459.437408,6454.1773
Norleucine,3097.758545,2932.931253,2835.483367,2486.114231,2535.759762,2335.085946,2386.162817,2382.009229,2325.874165,2838.232382,2973.460952,2790.19129
Isoleucine,990.7756576,1220.762128,1195.952457,825.1067448,877.8714624,731.2627784,616.3639532,694.0873992,702.3025992,1291.871001,1580.281579,1234.493674
Methylsuccinic acid,113.8052071,105.4462903,103.6998126,26.44119372,26.85858008,24.30747001,10.83216974,12.80284096,11.78972162,104.951234,105.0321883,109.5266112
Asparagine,1776.902194,1794.121086,1703.85864,1323.837266,1536.986036,1654.006835,1427.751355,1465.021864,1464.341503,1737.144472,1853.348917,1797.233438
Cinnamaldehyde,429.0561396,445.9240012,423.7669456,498.1998544,428.0597524,398.3113534,425.0132336,448.9546364,435.8131388,444.8701324,416.3029552,436.2601332
6-Hydroxycaproic acid,242.7506498,49.97491,8.060037196,84.370442,12.43932568,5.921885988,8.545839044,6.796926788,8.779728096,6.092586108,6.256498256,4.402744556
2-hydroxy-4-methylpentanoic acid,1591.040504,1187.31229,100.5472896,2540.726951,120.5130842,121.1812771,124.5224363,131.0942292,125.3853173,87.56118136,88.98236512,82.25380916
Ornithine,28.09794604,36.64476491,40.65675524,351.6029152,469.0573472,542.0880508,525.1463324,414.7752556,513.945698,33.54945277,27.63224088,37.70117054
Aspartic acid,124.7893198,113.9793062,112.0331227,97.4542214,115.719846,109.7402229,42.95546728,108.5871723,120.8429164,125.0177966,130.4900173,115.2977426
2-Oxindole,3562.946258,3472.479236,3350.15779,3473.046584,3851.192149,4046.923988,3964.0882,3911.638309,3910.618492,3507.023844,3316.490458,3916.215039
Malic acid,647.7473904,631.3533056,617.268132,371.7370304,386.9729342,408.6345304,320.3438124,292.4459071,292.9789247,588.1390352,637.1197508,595.8396704
2-Anisic acid,896.93113,964.7569892,1010.031546,1246.116512,1190.880259,1206.096634,1312.747136,1583.201435,1402.112197,1236.141658,1172.616618,1184.56552
4-Ethylbenzaldehyde,1563.532967,1697.115785,1751.030777,1414.789066,1674.69703,1211.462165,1534.975089,1623.557036,1301.832368,1679.290833,1195.987752,1264.024442
1-indanol,212.6579102,219.8415482,280.1797885,313.9539239,318.5066091,310.0713662,306.7650177,328.673279,199.901098,306.5894619,330.2078087,322.1654605
Benzothiazole,3176.981642,2964.625128,3182.056384,3899.471938,3495.255528,3223.646148,3264.636884,3400.707594,3338.028016,2940.827379,3034.206012,2841.315818
1-Hydroxy-Benzotriazol,91.58885964,90.42936896,95.710572,72.53013604,75.25689348,39.00867584,48.90379176,90.9497178,90.54935128,81.48695584,77.51209064,42.28637196
Adenine,57545.90072,56196.40116,57880.4078,14864.3702,15226.08626,15729.89026,7191.283372,7342.208544,7306.15862,54616.31408,57249.02224,54062.9026
Methylmalonate,157.5600839,82.787461,153.0188092,94.44239104,102.5549783,101.9004282,88.27180112,112.9638186,100.5484084,105.0994571,140.4542362,120.159161
2-Aminoacetophenone,226.6960409,230.6443398,231.9661794,248.8728093,252.1557604,223.8397398,221.8386248,246.9007785,244.9694114,240.3598175,239.9340242,216.9935411
Hypoxanthine,3228.152158,2932.376747,2877.56025,2852.533753,2985.645246,2956.585906,3573.998618,3409.303788,3570.419981,2694.631749,2668.846387,2759.215353
Phenylacetic acid,293.7799967,307.0600433,312.7155185,47.1979642,40.34216256,34.7584692,48.321425,36.87481496,47.24210576,259.5988705,316.6975819,270.3061229
1-Methylnicotinamide,95.03031984,79.79693812,74.59661948,225.5543995,200.6097641,192.1947518,198.7229044,208.107914,160.1364058,68.99525388,81.53122284,177.5208109
Tetramethylpyrazine,219.9800468,237.9438634,247.0838252,252.4558398,265.9913413,227.123748,266.8147133,273.7400479,270.4158304,224.2294626,240.3163743,237.1461608
Trigonelline,108.8507441,49.13534452,45.4519186,61.86511796,62.33156996,61.58317452,62.43936512,65.23981708,129.2251578,44.23260188,46.64118,46.30558728
4-aminobenzoic acid,241.6167755,214.9654988,224.5392248,373.158007,78.67202324,152.7099118,273.7381481,169.5354765,145.1757778,233.6313698,298.1179995,201.3161021
Tyramine,229.8668429,240.941491,217.6492445,968.7429004,1058.99922,949.6559084,967.663682,1008.056239,979.3890136,255.4319347,231.7578439,253.7535978
Phenylethanolamine,216.3744197,176.7149514,499.3843148,74.01817408,189.252156,151.3100385,99.52291596,69.96202416,200.8514684,110.849165,178.724618,205.2643716
Niacinamide,302.5326671,297.8398806,286.0549828,258.072202,253.8237853,252.1200983,252.2716524,251.6452885,252.7757587,303.5738673,293.0109836,293.4215978
Methylimidazoleacetic acid,205.7631581,204.8427375,197.1355177,211.8526457,184.1517711,206.0763604,205.3765026,246.8744383,214.873172,191.7414795,297.6491469,216.0411042
Kojic acid,384.4165972,390.8901784,393.1159102,434.1473008,400.0913352,349.7739965,356.1770088,360.1500538,305.717954,305.4598442,347.1552667,330.4876229
6-Methylquinoline,21886.48832,20916.51153,21477.3361,21343.21973,21593.64814,22703.9526,23242.20768,22845.35849,22256.63763,20403.82826,21521.38002,20416.97126
2-Naphthylamine,314.4484838,351.5279938,309.6452076,347.4011135,403.7854036,395.0197194,386.6726299,398.2043275,401.733648,374.9614148,415.1304204,429.59338
Stachydrine,424.3304752,414.0188164,421.9007364,459.6875468,495.6993432,457.4669896,456.217298,503.230088,488.2122472,408.7380684,432.897964,430.3140936
2-Naphthalenol,384.9586164,400.015462,404.955242,372.872472,397.9313373,391.581688,421.031192,416.5297804,436.9624352,376.8584279,405.3641092,392.7590734
8-Hydroxyquinoline,45936.0302,43557.2838,45076.72336,44607.21252,45235.1684,47367.45916,48936.01348,48095.47892,46986.20048,42237.17172,44912.79364,43021.98544
Coumarin,1643.648341,1635.294017,1592.956028,44.90612524,37.39125025,39.01601094,23.19490301,67.81307392,40.52441824,1460.26799,1495.782484,1535.597038
Coumaric acid ,539.0758224,540.2501948,542.9959888,53.62947828,63.73536176,56.42518836,51.77095348,57.43508292,67.91344488,516.773318,510.9734096,510.4734152
Adipate,202.7390192,213.0735143,225.2662624,177.7019762,217.1575623,151.6871949,197.6364378,220.4466789,168.4712087,271.8036217,165.0498636,194.215356
Glutamine,5646.498048,2788.613052,4803.22934,3236.61133,3362.947961,5604.38926,5249.615192,2947.320656,6213.13346,3499.820588,3610.603541,3755.723927
Lysine,3389.074319,3148.587701,3423.616384,2658.79655,2659.296158,2573.917034,2441.627671,2608.768854,2728.63539,3484.48207,3443.038252,3333.174401
3-methyl-2-oxindole,273.6687305,294.0973604,242.0480533,222.5316294,271.6169233,273.557726,275.7852172,270.5583495,282.4933225,245.7083932,240.3089288,224.3228682
3-Methyloxyindole,67.79233596,69.17613148,141.0877099,76.44105988,73.49955756,70.0880978,75.99469204,67.52535036,74.49041184,68.24833496,59.02122396,116.2298966
Phthalic anhydride,12121.77121,11274.50485,12507.38807,14392.17023,12660.40518,11991.30059,12354.58566,14009.38999,13368.7389,12430.30932,12311.84956,11743.43352
Cinnamic acid,470.5609484,490.7872684,473.5453528,503.7031488,503.2500776,538.7245652,498.197714,471.0772388,456.791374,423.0848972,449.0285944,460.3685184
Nornicotine,62.41890292,71.10619332,58.76712652,51.31413064,67.09281928,45.68530536,58.8171852,67.54873012,68.25798296,50.47695948,55.53591456,64.70227648
Benzyl Isothiocyanate,111.2214193,98.69424588,105.435321,131.7320498,142.655639,112.0622784,112.0579459,146.5384588,95.891881,110.9740851,111.7237286,104.6196388
4-Hydroxymandelonitrile,70.5897578,81.48483584,50.61055176,94.84533044,76.43707928,90.27454692,76.00331824,81.09545872,73.687562,74.70737788,78.29035956,84.13899656
Methionine,471.1165912,1124.041039,1273.4652,287.9441742,285.55476,278.6751619,271.4394332,276.7270577,271.7853094,461.3606928,446.5002824,438.1611064
3-Methyladenine,66.71289216,78.82541388,72.76212128,96.01131592,116.8475859,100.6601458,119.5456342,114.4086703,126.116015,70.3442322,65.0598138,64.05473732
1-Methyladenine,130.5000976,114.5823663,125.005827,105.4981148,102.1187822,109.9775796,61.10125404,68.0041728,78.32079664,124.6154438,133.3202304,126.8146962
4`-Aminoacetanilide,165.2283902,172.2873822,176.2242083,152.7972324,130.9633971,183.9371067,158.9784704,172.6705699,161.791691,155.1676058,167.84937,127.7375522
Guanine,5478.073376,5220.559892,5392.191908,3344.308969,3253.822206,3358.942608,2812.547738,2954.691308,2994.763329,4997.136724,5230.01992,4987.450188
2-Phenylglycine,2718.020461,2852.751332,2806.06164,2793.979758,3033.140551,3162.47098,3066.35324,3024.410764,2892.584763,2825.34112,2612.774546,2745.317848
Oxypurinol,115.8138595,121.6981784,125.1022775,212.2925108,212.4281039,216.9241422,177.42167,177.4116106,188.4769824,127.8023447,126.9086715,124.8729917
Amino-nitro-toluene,585.9787212,646.3824812,560.3453692,621.1059544,590.4837568,559.964658,539.567636,630.1640984,636.90211,547.7713048,536.1488192,1113.223681
Nudifloramide,335.2641789,264.1668118,298.3725905,317.4014573,344.4750487,338.6431451,350.2705684,329.9369855,343.2431391,295.4625696,323.559889,302.4359504
2-Isopropyl-6-methyl-4-pyrimidone,283.9718894,287.4883544,290.334805,324.8363751,290.6002798,289.9146807,316.2021164,335.101287,311.749221,252.8742123,272.9061312,280.8608204
Pyrimidinol,1245.824914,1264.140148,1241.119916,1382.012163,1424.227948,1307.321196,1382.307256,1379.924755,1369.891399,1236.844381,1231.159118,1193.667219
3-Phosphonopropionic acid,226.3655189,205.3428897,199.2441025,252.0101646,228.4104232,243.1595648,215.9810226,259.2267651,251.1645634,246.3293486,229.7010274,227.662718
Cyclo-prolylglycine,1797.316236,2002.540943,1789.508865,2042.707172,2297.258454,1955.096388,2223.595894,2211.683012,2070.15065,2184.076011,1989.771541,2063.26628
Loline,1648.806382,1421.803374,1668.818816,1217.430999,1257.76721,1315.946969,1293.281332,1285.073683,1284.469999,1434.580944,1484.087198,1518.601888
N-Acetylcaprolactam,1183.83566,1213.256781,488.4775216,608.5493396,941.2234368,569.7551036,558.8444588,1039.678843,980.9881964,978.2131928,740.9309844,1200.146999
"2,2,6,6-Tetramethyl-4 piperidone",5.315859192,4.943153088,5.303888448,5.109725552,5.615699988,4.254062208,4.379311724,27.39520148,4.7659372,4.519439388,4.631481932,5.392003772
3-Indoleacetonitrile,373.5680856,368.570819,329.2259483,325.1704901,329.831123,341.2779307,423.0745476,423.5943788,450.7302064,286.7816069,267.9180726,272.2658316
Pipecolic acid ethyl ester,60.21375656,64.59694096,63.09873364,296.1181572,258.6577666,275.289396,258.7489335,267.1838566,255.0610014,61.4343956,60.14877296,60.02862372
Allantoin,100.284144,113.4687501,98.028175,16.60209136,8.437404712,14.998778,16.32116813,11.10688481,20.49876114,99.88781144,75.22480076,114.0173997
"1,5-Naphthalenediamine",5207.558144,4988.770672,5088.262188,4813.21888,5004.874632,5081.6561,5128.33716,5057.710028,5006.321968,4762.511812,5012.04464,5015.086976
2-methylquinolin-8-ol,1203.382637,1156.007608,1182.129964,1237.380324,1220.410857,1242.759465,1269.298266,1296.119247,1276.1817,1130.804681,1170.584546,1123.03624
Tryptamine ,42.51387812,35.22198577,35.37915758,54.33388896,57.65180188,42.5385284,55.8132998,53.84485712,51.38967712,51.8345412,45.17707524,60.19226776
Anatabine,40.55331964,39.452105,31.54255632,36.75504408,41.02760152,68.58025976,60.81701512,42.13199544,44.29154444,37.37436752,28.88880423,25.8718131
Carnitine,1286.865696,1252.024639,1271.087634,1373.965132,1390.106319,1371.304844,1296.841046,1395.712391,1379.788516,1344.127135,1335.606114,1287.112474
7-Hydroxycoumarine,1508.455933,1574.812093,1749.283727,2056.8354,1965.523595,1966.994458,2156.732234,2561.598432,2292.78161,2002.586219,1753.768702,1904.239522
Valerophenone,61.33137556,31.88532644,64.60640512,72.5249134,37.46525495,64.74709184,99.6800414,50.40962068,118.1761916,137.6768176,123.8801814,91.69244776
Nicotine,40.78623592,33.136062,37.16058684,54.76592404,49.96151516,39.6836942,47.6783764,48.8230152,45.84625632,45.22933376,37.3362904,60.47482816
Anabasine,76.07893968,46.80909892,68.27271056,78.71872108,79.44869756,58.78788936,79.42331784,79.87686128,57.62706896,75.23847224,79.64597572,108.0151548
"3-(3,4-dihydroxyphenyl)propanoic acid",732.515076,705.5598008,665.5828132,637.1509744,733.5235916,742.5700888,685.267442,693.5471036,698.8208204,676.87896,695.8349504,684.6831832
Phthalamic acid,54.71536812,36.76705402,56.16336888,39.62289594,45.23871056,50.53590892,41.74057492,33.32524604,44.68533992,55.73374792,52.3712242,56.48301404
Phenylalanine,2420.938278,2376.769443,2393.305028,2694.933587,2738.13975,2729.936947,2479.511509,2700.822768,2599.898175,2170.994142,2361.991785,2291.29549
Estragole,55.54244268,66.46941196,67.39230556,74.09948344,75.1252022,69.1767318,77.47460952,77.17439864,68.42639308,65.8644118,68.00675552,64.85876632
Fluorene,2138.680888,2046.756589,2207.403468,2282.808278,2335.136218,2335.519834,2531.72109,2491.737014,2247.333545,2004.449258,2020.804286,2026.072552
2-Isobutyl-3-methoxypyrazine,991.0240796,1102.1942,1073.526789,1094.412988,1234.417986,1291.118327,1232.49451,1248.406958,1254.044771,1130.413818,1167.470746,1110.45219
Carbazole,31.06914523,30.4629193,35.12410927,285.0380009,328.1360931,293.1364879,77.09854432,69.52340168,68.15931716,43.7543274,40.6690864,43.88533384
Norharman,195.631554,179.0801705,173.7715086,160.5612087,157.8918461,164.8605512,166.9357964,177.5143403,193.2558229,180.2732904,198.0440357,186.6470846
Pyridoxamine,851.078308,756.6817332,782.5242028,841.1226364,904.8259968,806.737564,798.7769704,823.7457104,837.6278772,761.9961208,771.3973884,686.308172
Methylhistidine,68.32235176,73.7582756,69.94169652,61.65445728,66.79552768,56.22527284,61.46226,67.54856076,85.07968764,85.54138096,82.69065804,59.8946868
Uridine,165.0615972,194.9117336,174.7756552,154.44398,200.0508819,170.1203697,153.9913993,221.3059534,39.67020494,167.3412648,171.4982564,153.3180558
Glycyl-proline,372.7104872,477.0352964,301.1363292,379.522928,386.2546824,460.735734,381.830866,322.8434907,302.8494182,366.4940828,368.5993147,327.2307692
Prolylglycine,3059.345184,1151.426069,3518.685374,1481.184729,1589.424711,1570.943517,3336.198976,3112.444131,3074.060099,3198.800263,3047.235548,3716.93805
Nordeprenyl,123.6144948,112.5357125,135.6950323,120.532096,121.321328,126.6562409,122.4276605,123.8102402,126.0899058,115.7475277,128.2309526,113.2098378
N-acetyl-asparagine,56.18428808,49.10297816,54.31286752,44.88587852,38.12897579,39.39422625,43.7327,45.46009956,39.43316128,51.89869804,56.3647782,49.74771988
4-oxo-5-phenylpentanoic acid,238.313222,209.9841235,254.5295001,228.6747134,251.4304784,249.1299422,252.4172438,143.2846652,151.400288,151.9050652,268.6737001,219.098667
D-limonene,414.2893816,467.148698,531.436552,421.8433844,423.6862412,480.4328068,669.5535884,443.9451452,450.169048,571.1922788,458.9042768,565.5332572
N-Acetylornithine,198.1457808,223.2085388,215.3176725,418.7985032,367.5959131,369.7577946,304.2588598,323.9933462,322.398461,205.8427975,203.4771624,193.2835005
Putrescine dihydrochloride,598.16183,526.31019,453.9534044,488.7361604,474.3149796,451.1509,482.2707612,468.578222,617.848038,412.5927136,424.8577288,610.8584592
Isoproturon-didemethyl,89.06758436,87.93257192,64.5181124,81.11037312,83.10365816,134.9517456,122.1314825,89.17439216,92.42053332,72.48592828,61.05709748,62.89269048
Rimantadine,37.46195658,36.87754176,30.89619814,37.58718726,43.73544124,39.69858217,30.51492514,65.42568052,41.90863744,38.2298419,75.0217,38.3144932
N-(3-Amino-4-methoxyphenyl)acetamide,3747.333482,3590.214904,3743.170677,4355.344868,4615.517404,4663.025536,4433.178064,4232.047308,4443.376412,3631.160811,4012.103804,3783.689685
Dulcin,634.1655368,671.9423616,643.09389,722.95121,801.9516604,707.2606484,727.9054628,756.977952,718.0519496,629.2507956,636.0436008,620.0606352
Camellimidazole E,126.9569814,134.0466844,137.0691508,141.2170618,142.3651458,134.6669976,132.8201829,129.7911162,147.6352469,146.3132064,137.263077,147.1880502
DIBOA,192.4823517,211.5282451,193.0565214,183.4373133,208.4864674,214.2184033,215.1910626,189.6583165,203.5063104,195.8289415,243.2836822,213.1458063
Dicyclohexylamine,1.865210432,1.22285798,1.425744312,1.07419966,1.264493772,1.109844816,0.862764852,1.052534864,0.851519176,0.60522188,0.736002012,0.768264296
Triethylphosphate,165.6196194,151.9558655,156.0879707,140.9213054,119.6784447,124.7395856,115.5833417,125.1013592,124.4220727,163.2968395,166.1729416,156.2403429
Harman,305.3003308,261.0590642,263.8138368,235.266652,241.9207888,234.057096,309.8799558,371.158478,342.2945051,230.0691687,218.5231799,223.7777899
Phosphocholine,19106.54209,19051.07033,19722.33084,23375.61241,19560.49707,21837.09,20394.73924,23031.10592,21788.24033,22651.76542,21227.31876,20491.22616
Phosphorylcholine,185.0869955,186.7828211,227.2540303,225.2582857,240.3010938,216.7472158,235.7582867,225.917007,232.1066454,239.9671542,263.1824116,608.3262684
O-Phosphocholine,67.9179176,56.8188994,107.41935,116.1101166,146.791985,104.2803878,110.5997324,101.8051624,97.10820268,88.98340996,84.61649,101.7042389
3-hydroxy-3-methylpentanedioic acid,80.87367352,78.09602008,62.44386924,44.80886092,32.31167202,26.81205992,27.82954382,24.88481695,23.07934257,74.1608564,91.74986448,80.12765156
Isosafrole,447.7658628,424.634226,474.6010224,245.845098,447.3515348,506.4315172,438.564112,200.1256694,119.0880887,374.7606663,473.8167156,247.2109424
N-Acetylgalactosamine ,70.311593,64.07203956,39.03569618,69.48015016,59.78616216,61.68318476,66.77004068,55.97866168,66.83309904,63.71625292,70.5709486,62.53887028
3-Indoleacrylic acid,20534.63225,19882.68759,20548.91337,17466.4425,18245.49518,18400.9285,18370.91048,18227.3712,18367.95494,19030.84641,19725.90205,19255.28284
Deprenyl,79.60369136,77.1573614,88.68210648,89.60518216,101.3995933,94.583493,90.71300164,90.12764392,96.66555332,87.9979112,96.26388744,77.99918404
4-hydroxy-2-quinolinecarboxylic acid,73.93018008,80.26241208,77.8194582,89.27741368,83.1549146,85.79871116,84.95517128,98.42311384,95.71314536,95.28353184,91.59188548,86.40180548
5-hydroxyindole-3-acetic acid,16.87012956,21.34397208,21.75018126,34.28534863,34.94571812,33.30315746,38.35795912,34.7866787,35.61883918,23.21253062,21.92678011,25.74930861
5-Methoxytryptophol,140.165259,108.549548,141.8220086,168.8479667,147.474872,160.6424706,157.196881,158.1933249,173.0086324,111.0260205,152.2580426,154.2138759
Cotinine,1812.055329,1843.53981,1808.088992,1787.565572,1839.385535,1962.238655,1965.379163,1915.034316,1976.901213,1724.548368,1775.883049,1789.663005
4-Aminohippuric acid,1099.833184,1117.268851,1129.230406,1272.855775,1282.484143,1309.459213,1326.210714,1310.73267,1313.441484,1040.203432,1059.155594,1018.417778
Caffeine,188.2017785,173.169985,175.6760123,173.906306,186.2458088,196.2198552,99.73184004,215.5616642,165.2719817,174.6571304,177.0018736,187.6725176
Sparfloxacin,93.351485,84.89490968,131.4570542,87.07300376,97.79376468,101.1526513,99.04904432,141.5446726,103.1360408,98.50403856,98.51531156,93.4291342
N-Octyl-2-pyrrolidone,32.38912341,27.74904968,26.13126224,32.80566766,36.70241339,34.61110509,29.60239269,55.34312344,37.22451825,31.14569445,60.99763536,31.31391331
IS,863.2735844,802.8928108,813.4590352,403.994742,312.7461296,308.0559781,291.1368073,325.5783244,345.010897,751.0440412,793.8555824,772.3190772
Dictamnine,67.69532184,71.28610144,100.8608248,16.22991238,19.44295111,20.31767227,14.62838557,13.79100441,19.28014276,81.4781922,92.00025512,102.0128116
N-Methyldodecylamine,1.85828738,6.602838016,0.462970948,46.17559448,2.183853348,1.705209292,1.735639792,19.94959968,1.820035836,0.540206156,0.566377252,0.387357836
Harmalol,66.6635262,58.9399084,55.68930804,64.87241432,56.23836856,54.38276036,64.96261744,65.47970816,78.65008452,54.56925396,59.07667972,58.70287508
Simazine,113.7368972,119.0082666,103.4038265,175.3986646,191.5828616,172.7956914,156.4280225,168.2221478,145.485403,120.8423676,130.017051,139.1847036
Vasicinone,70.35075116,68.19202612,67.16534616,75.3349976,84.15775248,77.35118348,67.87645944,90.16038792,72.69466192,64.70120088,68.12137904,67.08736524
Leucyl-Alanine,608.270674,439.5896272,435.4638748,396.4032548,421.8910832,422.4087892,450.9893208,340.122793,405.6857512,438.0722644,419.863834,468.9847624
Tryptophan,2274.895745,2211.472078,2205.487003,1483.586593,1507.01566,1432.378999,1384.283672,1468.544212,1522.652963,2046.262336,2153.840557,2122.606606
Phenylethylmalonamide,281.1488411,265.7706841,270.3507928,315.1496283,281.1546372,284.9659388,296.859489,270.2710999,352.9320045,231.8954264,296.4506429,274.4849856
Kynurenine,999.080748,990.0104316,1061.125992,1491.390927,1224.92284,1528.76747,1532.296342,1453.590822,1354.14659,1023.301287,872.1747672,859.564004
N-(5-acetamidopentyl)acetamide,4206.537264,4386.713344,4302.249652,3925.680824,4257.548772,5334.568728,4272.04392,5174.220956,4352.892072,4332.24302,4042.751296,4459.368836
Pilocarpine,177.6106041,185.4794299,190.6150712,169.0813779,118.425613,157.0958564,184.2098145,122.7952609,138.4328209,129.1725788,91.2232986,164.7647822
Aerugine,0.696187192,0.68531268,0.778644396,0.726998264,0.764538472,0.699250104,15.57695957,16.0568003,17.69600877,0.765912272,0.724173184,0.717165036
1-acetyl carboline,298.9762898,324.5526758,314.3705064,329.378439,329.9095214,328.6981744,303.9463442,302.8968782,302.3745412,349.2933626,363.511812,352.0300981
"2,3-Dideoxycytidine",421.8643948,458.8592672,409.4831128,940.2467316,818.0216024,884.5134592,818.953804,836.7414364,818.6240256,436.7258576,452.6746136,427.958086
Mescaline,236.2439812,209.6072353,185.6690256,305.2747498,236.0255252,252.1293935,270.8416214,287.8276208,274.9651334,178.6458921,295.7649239,250.7553842
"2,3-Dideoxyuridine",291.6767197,407.2439984,401.7951156,420.1864012,444.1339668,425.8023784,473.0119216,428.9470988,444.65524,414.0436388,426.3392776,345.5865664
Ligustilide,1149.306622,1731.429321,611.7291252,456.4917164,940.86146,420.4953976,373.1031226,940.0611744,419.2027336,614.6527268,1745.649707,625.4888672
Prolylproline,2395.977151,2149.667076,2103.08995,2225.443644,2327.833499,2339.013176,2321.25114,2381.22419,2393.937746,2035.400148,2481.641944,2152.041067
Citric acid,347.0677967,387.7860401,365.6388686,324.0470424,326.9938088,349.7753051,325.8321176,319.2740552,325.6787665,387.4598776,391.3732784,370.9055775
Valylproline,6791.12738,7326.354324,8265.142172,6376.076792,7260.471652,7634.81456,7631.032296,7746.641368,7690.117008,7693.927792,7687.826444,8292.496072
N-Acetyl-arginine,2502.147077,2744.328358,1477.919083,2899.311129,2857.229401,2912.989975,2975.117253,2979.302215,2827.349605,1719.124955,2498.120126,3008.048037
Theobromine,814.2834832,814.9260452,874.0321852,299.2530554,287.0719014,298.8640104,272.6506504,247.2268948,271.793792,815.2024468,794.1473472,774.6884456
1-hydroxypyrene,1123.558182,1114.906158,1142.934662,521.177212,559.153836,503.3505528,429.5982852,621.5430888,608.7388696,1208.361529,1140.201113,1202.274712
Serylleucine,530.5442824,507.9153628,533.584602,247.2183069,235.6803503,235.2178511,312.307159,215.6057119,429.8034124,533.6556788,1137.516474,558.24297
2-Phenylpiperidine-2-acetamide,210.4306082,230.2875879,228.7049647,169.6642982,240.3990922,184.942806,220.3942164,238.7770678,209.0312451,202.729909,209.0345235,210.6767396
Tributylphosphine oxide,40.6215844,30.71655782,49.44307824,40.5546114,59.8257688,20.97152822,33.61157316,25.20479367,20.75956005,41.66821512,35.16795925,22.04052507
"2,2'-Dithiodipyridine",3029.296845,3044.265601,3023.433397,3386.296596,3240.89151,3601.716568,3317.619242,3220.650494,3209.705989,542.879792,2837.237105,3031.340987
Mitoxantrone Hydrochloride,414.1570076,388.4379274,509.7496304,374.1020655,439.5463052,478.2333284,469.5197284,473.2898096,484.6440432,442.4157332,461.5712044,449.6931136
Tetraglyme,1436.36035,1419.511174,1407.550254,1762.148492,1631.972692,1611.381726,1740.032429,1736.878488,1524.438205,1335.961066,1365.799618,1400.180738
Atenolol-desisopropyl,265.2350169,234.3661984,241.3537099,270.7984806,287.2272897,247.4554316,240.3444406,305.3231592,266.737762,246.6652174,261.6520474,233.123144
N-(3-phenylpropionyl)glycine,569.0652012,599.5861656,523.0503416,490.3306124,521.1165788,418.3565588,513.7145148,510.185152,397.7841746,552.8894788,522.86483,599.5187828
"2',3'-Dideoxythymidine",1022.466662,942.1232868,979.9021968,999.0306476,969.1114208,1002.387716,1045.945496,994.1874408,988.2846996,913.9797284,994.0265704,963.8762732
Carnosine,855.868188,917.6139788,855.5634564,1015.646161,1038.041366,1049.570107,1055.22324,1035.17677,1076.950046,901.7039028,980.465728,1007.878936
Cyclo(methionylpropyl),208.5775519,189.5731652,200.905759,256.7843582,94.60563908,242.4568462,186.3325926,191.7620407,185.1887255,185.351928,197.2112451,205.9116702
Proline-hydroxyproline,536.7311828,508.4401876,467.271488,411.3342736,458.8247596,544.2156292,433.4359252,445.9876904,436.9018088,526.1843148,512.7721676,481.1684336
Prolylleucine,27880.1946,27318.30093,27428.78673,22838.33514,23223.26095,21902.96021,23578.40311,24161.05622,24277.87458,28967.20687,28407.20784,29377.62238
1-(3-(Trifluoromethyl)phenyl)piperazine,309.26246,342.9492426,338.7495528,341.7013913,343.2324654,334.4289526,327.5584724,338.8352867,319.0432335,268.7351389,298.3864512,282.5616663
Leucylvaline,1489.589589,1051.019096,1152.970974,1048.007042,1040.172968,1115.273495,989.2766288,433.8018956,442.2876072,1081.767816,1105.097704,1117.652849
Isoleucylvaline,862.2359288,788.1061512,836.49726,515.547364,551.7256964,570.049716,571.3499084,533.6422832,521.6330036,861.432626,911.986718,806.38157
Nalidixic Acid,1368.982794,1404.485164,1398.850968,1424.478825,1498.755696,1472.814207,1600.071562,1558.208714,1458.372434,1336.588781,1370.441552,1335.796818
Threonylleucine,396.6654254,238.9986476,273.9607459,393.197345,291.8116449,456.8912264,246.7036642,100.5665858,294.3650863,460.8344008,457.9280576,299.0549131
Norfentanyl,199.0528614,185.666041,188.5582986,192.8022361,213.1752594,207.2805161,215.8034192,227.0664347,211.2606684,181.3982427,178.4335402,194.374874
"2,4,5-trimethoxybenzoic acid",643.0593352,672.907084,647.2849272,15.39515158,9.327165964,9.280489608,7.007930828,6.099392464,10.73584362,623.6670244,634.6171784,660.047354
"Chrysanthemic Acid, Ethyl Ester",99.82507192,108.8342761,400.0018632,271.0855045,204.4160082,237.8056246,96.69444612,331.1311878,196.8049018,405.1055272,299.7574789,375.4406832
Mepirizole,7169.69564,6743.258452,6380.611028,6722.280084,7118.922872,7185.62128,7118.400168,7131.7986,6977.112248,6693.382676,6698.53254,7268.52128
Securinine,689.8432952,749.874654,727.366634,816.3637976,877.2268272,829.2826196,906.901816,825.1289556,866.4119264,792.3356716,790.4668896,819.438916
Coumaroyl putrescin,605.206092,644.6901604,647.0916296,710.4183304,896.028,672.0211108,726.8569192,733.858782,710.3990428,695.1090676,806.77552,693.6291476
"N,N-Dimethyltetradecylamine",71.98508856,72.36854456,71.35736272,80.66188136,80.61878236,67.34795556,72.01243604,82.479641,76.9005256,79.09289652,78.30432196,70.03647948
Lumichrome,22.40245023,28.08064229,26.09285354,16.26078431,17.33861526,17.28872671,16.58632431,11.63640991,9.511206888,30.1087926,30.31882255,33.53560984
7-(2-aminophenyl)heptanoic acid,18816.46464,18928.42862,18536.0944,19717.93798,20490.76792,20460.33286,19582.39276,19506.94714,20040.34341,18935.38841,18569.17636,14490.83646
Biotin,432.1025524,403.7489364,453.530198,407.3439496,449.978822,455.4174156,420.8909892,418.6530156,409.6224976,382.2388339,463.6226572,434.995126
palythine,6970.460288,7205.842064,7115.446456,7790.314624,8590.4066,8537.818908,8596.597816,8276.143256,7831.7493,6857.724444,6669.105104,7023.16042
Carylophyllene Oxide,97.44832804,1397.467511,99.64634828,1749.407662,1827.298906,104.9026254,112.3765478,1806.241432,1787.542179,1681.798069,1658.394851,1753.774445
N-Leucyl-leucine,302.8540079,330.9219784,321.5624927,18.55456185,21.46383585,21.6450827,51.39821612,35.47971698,38.66148143,298.8889389,322.3823814,312.1036222
Leucyl-leucine,1132.689975,446.9039748,145.365201,140.1507256,128.183453,385.2116675,139.0542618,139.2204068,164.9663351,144.2056663,551.8564988,438.750184
SPB 14:0;2O,119.7070347,120.8577481,117.2083778,129.9770626,131.6588058,107.8183465,110.3225701,149.1633614,94.00731132,121.7871086,116.9993826,129.9240725
Pyrimethamine,168.826292,184.9951474,191.2520376,186.3824199,138.3314205,198.8497968,187.1186646,217.1519053,191.8156581,150.0026204,158.0184012,172.9676844
O-Desmethyltramadol,48.51322216,46.6461138,41.8394358,92.887763,96.03703196,86.12578456,90.65443728,116.8370328,66.9099236,42.35425312,56.11952196,40.5740248
2-Methylbutyl betaglucopyranoside,1197.468592,1223.632986,1300.127773,1436.606642,1320.51114,1375.944332,1522.76148,1471.726211,1410.731912,1297.143981,1276.752106,1283.219632
Desmethylmianserin,3828.136072,4016.533264,3862.21268,3799.736146,4001.634744,4027.719396,4002.00444,3895.557426,3998.957395,3809.128954,3891.172778,6086.385176
N-(9-oxodecyl)acetamide,200.1347518,217.8533584,227.8283835,243.3322394,257.0922846,228.2049902,258.0590682,236.1116457,244.4112832,215.5996173,218.567321,225.3714771
Dipyridamole ,273.3981132,361.0565566,319.4166648,340.2007172,323.7990346,242.2741938,316.3974741,358.2295158,370.7606544,325.3192261,221.4278382,297.6731195
Triamterene,48.39951924,42.84086304,48.35084212,39.84664414,35.38115592,8.403456184,30.16508934,26.03415989,39.43943397,39.83591894,17.84428762,15.74396861
Chrysin,17.94868812,17.77412621,16.26336756,58.85427968,54.8442822,61.97624972,51.28312252,53.32979612,49.78015432,19.09587416,16.94970538,16.50458321
Melatonin,496.003998,529.6418156,517.0071656,510.4557284,565.0868604,558.4648736,560.28073,544.6451968,572.7536324,541.9720328,550.1436228,518.4389344
Monolaurin,854.2457276,833.439318,854.9878372,1025.932383,856.4494832,968.3680104,889.6536572,1017.218654,951.461008,998.2086436,908.2168024,901.7740772
2-O-Methylcytidine,311.4386248,320.5900311,321.1645152,330.7450758,354.4144106,363.9935342,338.3137318,322.0769878,333.7251505,320.4145327,345.6786609,273.8080112
Glycero-3-phosphocholine,2516.317794,2504.517223,2537.635674,3106.006558,2982.816085,3298.947949,3136.65959,2976.193963,3004.895517,2108.716164,2234.394064,2555.670168
"3-(3,4,5-trimethoxyphenyl)propanoic acid",889.0766412,784.9640332,715.572994,878.2591144,737.454338,803.070348,736.9468764,680.0324388,687.647962,700.1373568,708.9450072,639.0381032
Dictazoline C,270.8561693,258.6795051,279.0367393,203.9649802,187.5775103,189.7925666,185.2314701,194.5049629,201.8431723,270.881078,251.4274006,279.6796514
4-Phenyl-4-piperidinocyclohexanol,964.6417888,634.310538,980.7385692,359.1494347,355.3890702,568.2649488,299.9797437,449.5728084,391.8164977,1009.965755,983.2712692,1020.808307
Isoleucylglutamate,498.1327004,488.0870148,492.5434816,439.5769092,516.2619012,515.6253912,534.2243492,544.389454,354.091376,474.5942788,474.0685956,489.6402268
Glutamylleucine,531.1181264,845.5456612,537.274926,623.0756936,353.4397136,340.3631112,657.8247136,597.9019252,332.0225488,756.7915668,848.3557728,621.32032
Indirubin,57.7142518,56.10513868,53.5363642,50.63036172,56.95646868,60.28201532,57.13168048,58.6817584,54.47019056,61.14317996,63.46635796,56.51408184
Prolylphenylalanine,8493.413408,8401.24808,8877.45972,8790.902404,9386.858504,9076.79108,8754.522536,9013.861572,10813.41749,8875.112796,8686.339912,9082.80436
Methohexital,1162.494493,1237.060755,1256.043651,1065.104235,1306.311714,1263.549537,1406.50875,1216.339026,1038.575641,1040.045646,1276.998589,1070.062124
Adenosine,1801.888661,1743.661403,1849.16391,333.4751361,356.6813461,375.6791292,162.4406578,160.5591967,163.4812002,1657.095969,1725.219016,1648.360114
Genistein,5.592228536,5.515747604,2.911754688,33.30645254,34.03256235,40.71640384,36.22832024,29.85903722,34.1112456,5.049980908,3.0981898,2.3511725
Carbutamide,46.08215788,47.64821556,41.63074316,50.30169364,50.47057208,44.82592136,46.53156172,55.01709208,52.1171614,50.50516352,49.9919478,53.441646
Palmitic Acid,2996.251194,3517.600865,3233.041963,3561.320759,3534.135388,2941.787631,3052.863669,3373.699628,2735.01041,3317.75364,3033.387278,3315.140395
Indole-3-acetylvaline,304.1105477,311.8047992,310.0877632,326.9494153,338.4747087,365.7671321,361.9081724,331.1324583,352.3309622,283.4648585,297.4614265,295.3178719
N-Fructosyl isoleucine,1448.24501,1447.411435,1193.350696,1442.768861,1231.633223,1289.399778,1142.222384,1211.355088,1256.878844,1118.025845,1205.43326,1124.875504
Physostigmine,285.0315936,280.0370466,296.6106254,289.5980085,308.7272676,330.3962906,298.382374,306.1797522,308.3419415,272.0305547,277.0670173,286.4665165
Glutamylglutamic acid,396.2568587,414.5555828,435.1452372,247.6290628,233.0147748,228.7921401,284.8832261,263.1395002,266.4012377,430.8253072,430.000536,445.3311536
"3-hydroxy-1,5-diphenylpentan-1-one",277.4430852,301.1610968,356.5548829,204.8692707,173.8573228,198.0458406,219.8780933,197.0071071,194.4026246,299.8928054,312.2435581,303.2818262
jaeschkeanadiol,133.079102,91.58475668,101.0489907,103.8019889,127.6076039,96.54589956,99.45392,83.26631488,40.07258948,123.996011,148.8984742,92.30364512
culpin,35.87873324,39.63721648,37.57593194,34.55924391,37.88557826,36.49577865,37.04129559,38.89929146,35.60536486,43.45629908,39.45211646,36.8644919
cyclo(tyrosyl-prolyl),316.9134014,320.8847438,315.7930573,315.9471439,345.0643924,341.8086322,338.5541822,338.7566246,350.07259,325.093527,332.7973412,322.4572804
Crotonoside,179.4074072,196.5624642,200.2680136,86.35294952,86.74221496,90.75748184,73.87000356,71.59087284,72.68923832,191.4025364,199.1381825,191.1887403
1-desoxymethylsphinganine,104.1395749,96.43743924,95.70318876,127.128267,120.7930236,138.9030586,69.23328652,131.6728396,125.0028023,227.2130541,126.2292213,58.97033124
Anisomycin,194.1932435,234.9928486,215.4304469,222.318659,266.2712868,228.4953258,265.1842445,245.8711818,236.163843,237.6666519,191.3024527,207.7103296
Cyclopenin,26.58395607,32.63798307,33.0924437,28.66176526,31.49637479,33.17233501,24.61126229,19.31798235,17.58000241,38.79248487,37.62423629,35.24941418
LPC O-3:0,453.006448,1377.63194,1379.267624,1318.179268,289.7456089,1359.134966,1376.600434,464.000448,174.9628312,1303.237218,270.9092524,168.7804581
rhodioloside,320.5386452,356.157251,383.847475,323.3717285,388.5525427,359.1550164,355.5886643,333.790557,356.3215003,320.1572936,321.3706721,338.9207464
Tsitsikammamine A,94.39326764,108.7942928,75.0805402,1067.851964,271.2865846,285.213845,106.7047613,107.1640874,64.57263408,70.42826648,109.1591716,82.40472888
Ketotifen,806.7431644,779.916416,712.2960672,792.8531136,757.3783936,764.1398188,781.43983,703.2605252,733.6489404,652.7842836,691.5747584,676.8613024
Imazaquin,42.57933112,47.36916364,53.2460908,44.65541864,49.11783204,51.66944744,34.66820301,28.33828393,28.40598155,54.66228576,57.34577692,50.95787444
BENZHEXOL,203.752732,226.6323475,230.5566889,215.9236188,247.712585,225.9884076,232.1531026,252.3495324,237.719384,217.74321,216.224122,212.7339602
Cer 12:2;2O/7:0,0.42296594,0.320655656,0.338604984,0.364621272,0.497440372,0.404731152,0.473856324,0.366706524,0.379976868,0.486364748,0.37792154,0.3623678
Ubenimex ,511.8804748,363.5346702,633.7480804,425.0781,440.027492,624.812718,430.6568152,663.5678516,453.4617604,357.6248045,524.5360156,421.9820736
Ciprofloxacin,325.1463352,310.9105289,385.9192824,357.6301842,357.7150788,297.9299803,272.5425628,338.5154143,332.9845278,312.0134117,317.0386963,315.3049519
Guanosine 5-cyclic monophosphate,114.6547958,121.6710292,116.7710642,103.0715526,128.2536801,117.3721178,127.9523348,114.1727319,120.2354692,111.5345385,117.0076451,108.3527615
3'-Adenosine monophosphate (3'-AMP),125.8011984,117.6329562,130.9502156,124.5053441,137.2218718,138.9157117,141.8074876,128.3155599,142.5574704,131.9259712,131.5935302,130.1653375
Boldine,177.4951897,194.1803642,192.5811034,198.5370262,217.6766624,197.511365,200.1050685,220.6715951,205.9673485,182.8033778,194.7413731,197.7172181
LPC O-7:0,336.6831757,305.5655636,347.8922793,342.9899175,341.3684143,345.6113313,324.9975895,311.3761872,345.9467997,336.1823864,249.041347,362.7084378
Maltose,7326.233716,6340.310768,6686.506912,7277.719168,7530.37554,7165.388116,7083.715936,7488.052308,6655.535372,6680.520768,6459.899272,6602.217212
chelidonine,33.70686491,29.98308709,33.86793219,36.30300892,40.36127612,30.64712951,38.63771797,45.18368404,39.63953408,35.29525837,37.14865447,34.24439404
Gatifloxacin,449.8227668,474.1409812,465.3760752,555.381786,496.6356848,491.1760836,525.912842,553.6736848,499.209132,421.458904,415.8161256,434.0044364
Gentiobiose,1496.855666,1235.032265,1204.192686,1464.490767,1745.830952,1477.189956,1569.68267,1614.94972,1378.893056,1203.360222,1142.157726,1351.471014
SM 8:0;2O/3:0,570.024692,518.0478444,587.6674496,570.306118,568.2407264,607.9034456,854.9983876,591.6924384,607.6150768,529.5290152,823.9297728,522.7287004
Hexyl-glutathione,233.0130238,233.9081753,223.3471324,237.4919488,248.7917591,242.5982777,228.3395941,230.2468494,247.5645156,231.888627,227.3147958,234.7589029
Mitragynine,488.5185144,528.3935756,471.6847012,516.4265296,515.4535728,493.5773484,551.3280536,515.1398272,498.5426956,469.463418,484.6836492,504.5253136
Murolic acid,121.1231278,128.4952922,150.3674666,119.0633458,147.3822976,125.4546582,109.9212131,154.8862963,147.9862,177.1386253,154.9625043,167.9108015
SM 11:0;2O,218.0671893,224.3734906,232.2064063,217.788399,236.5340824,215.5524873,218.44876,223.6814143,227.1663332,208.7361346,199.7039512,220.2255694
SM 8:1;2O/5:0,177.3555098,108.5699922,196.0606615,122.0228106,120.6226293,113.1617662,126.117002,221.7234678,124.5225432,136.0396983,171.0667685,148.6814064
SM 8:0;2O/5:0,544.7161216,569.7728836,545.481458,522.5171124,562.7668028,517.9550448,527.4667184,480.2932464,551.6110152,528.155204,565.520444,536.3244844
Deacetylvindoline,730.8128436,747.9912892,602.5552116,868.6836316,871.9005284,810.822432,913.2046924,910.6889868,843.3527276,729.0078616,725.3335084,737.0508664
Tentoxin,303.3089332,328.5362531,316.6672315,339.5677076,349.0214949,357.9272126,319.527283,347.2616277,344.3254435,357.3467502,269.446187,345.5766464
CerP 18:1;2O/2:0,2162.537946,2168.126806,2176.511637,2622.114566,2289.701246,2438.161233,2242.894913,2591.651422,2448.042404,2512.105018,2352.717269,2256.624098
Ranolazine,627.2257584,633.169576,611.2073152,675.5252104,678.608756,661.766782,683.5584768,631.0892592,654.8779648,588.5977028,594.4374604,610.4973228
Mebeverine,180.5042039,192.3685197,201.4796454,182.7648218,201.6451391,185.2064998,225.4285444,220.0501236,188.875916,195.1198,181.8986921,201.8248532
Physostigmine salicylate,192.1743775,188.7272796,199.0129654,212.4126511,212.1701849,203.8594791,193.8079392,219.1448461,217.5820503,198.8909385,199.8859015,192.4906003
Latanoprost,97.7512392,97.95174748,108.0212857,97.73633724,91.8624266,101.7717944,108.7767138,115.5562109,107.5594621,94.6182546,85.28786196,93.33326172
SM 8:0;2O/7:0,436.3646128,471.022694,435.9323788,461.9662504,476.48356,434.209076,458.7737988,473.3300932,445.9822244,420.63558,426.4553236,407.9084704
Arachidonoyl ethanolamide phosphate,221.6735308,202.8968471,214.768224,281.3594482,285.8252807,276.6627902,272.8541294,280.0283174,259.5513342,231.4349502,235.6205275,203.6371276
SM 10:0;2O/6:0,58.33533808,58.1394168,57.95767228,59.62314156,66.65462632,60.42216948,58.04789484,62.04095424,59.26554376,54.95676536,56.68740312,57.19721724
Lunarine,467.1075256,441.9042904,480.0402424,466.8525124,494.1710028,505.8857988,471.3282816,462.4782616,510.5305444,415.0056052,412.60914,422.7451312
Verapamil,609.2290496,577.3524824,570.0418064,548.9719788,584.031736,547.2521208,619.096586,658.4188244,631.9987892,599.2208104,512.0535844,580.1864852
Puromycin,729.258564,797.547776,744.5701976,800.1963808,841.6619312,792.4269972,823.0508836,868.6637024,844.3589244,783.113576,832.8346176,750.049774
N-Arachidonoyl Dopamine,158.3763079,171.669106,164.669174,167.0833663,181.9075464,174.516664,138.5583421,171.5591084,160.8255495,150.804994,157.6815027,157.2192024
Vardenafil,909.667788,867.5223004,920.4566336,861.6079684,930.9831972,908.659634,889.1321224,934.3033616,934.4629068,909.9327496,936.4282016,904.2936332
MGDG 7:0_7:0,102.2101315,107.144635,105.0179928,103.2951712,116.4470941,115.1603018,117.3965664,106.8865844,107.0492983,108.645391,112.2928352,93.12626936
LPC 16:2,253.3415735,248.0774659,225.9209097,191.2085987,248.3455143,218.1979939,174.1628342,218.7554489,237.1633169,213.6681069,188.1907531,241.7148111
SL 10:1;O/18:5,322.227489,335.8293986,301.4297222,305.0091058,351.2598769,332.2591991,314.6568623,200.0714874,329.2712398,322.9614238,307.2428108,294.8736225
Raffinose,342.7204106,337.031428,311.9305706,1705.305304,1685.749906,1538.54001,1145.184665,1370.657157,1170.175394,358.5377921,363.2350391,377.8658156
4-N-methyllyaloside,76.31005392,72.94863652,71.16247832,89.94995568,87.15290524,78.37742756,73.4970256,84.25555348,79.66583132,75.757773,82.37892048,73.3978224
DG 29:0,1.685813636,0.287819584,0.303930852,0.504502124,0.446501032,0.363285508,0.42533206,0.329154712,0.341066132,0.436559584,0.339221276,0.325260284
Chaetoglobosin A,65.42222932,68.58618424,63.06425464,66.05009576,71.74233748,64.86704408,68.94685464,71.96740452,71.04258864,64.33969212,66.50824292,66.94793308
MGDG 9:0_9:0,453.4514004,476.5745876,461.9657324,455.1440204,503.43308,488.2611704,484.1279036,495.0143588,480.1364868,461.0989784,475.9903996,460.81184
MGDG 3:0_16:4,119.8014506,124.4647646,132.9848769,111.7425732,136.1672648,120.3637314,126.956068,131.8670065,140.2471763,127.1594562,123.0461396,127.2287167
LPC 20:4,151.367583,184.7895237,151.4291931,184.8453035,202.4515297,172.5739394,185.4194129,178.5985189,189.7804989,180.2010644,186.30935,156.2514585
MGDG O-16:2_5:0,177.6682932,199.2381604,194.1680619,204.1711524,241.8301702,200.9515251,188.2303369,200.7882486,224.443783,233.5550931,217.8036864,181.5061636
Pseudojervine,79.53944636,64.9037314,70.52573132,71.0995492,85.9657596,83.30687692,87.34302684,75.08681724,85.09972336,75.13484536,90.76389344,81.67131228
PE 24:4,311.1023406,294.9970196,301.2789218,340.6970682,363.5241009,319.2199581,348.220742,345.011429,352.4436704,321.6461488,338.4099726,317.7946762
Khivorin,85.73218676,89.08951068,86.06682192,90.65319372,103.0386449,93.85973144,103.4618645,94.30810152,98.31042412,97.78728624,97.82061228,84.1635474
PI 18:2,1148.379237,1219.393701,1211.91929,1262.393593,1244.76619,1314.816177,1410.848192,1308.361613,1249.953956,1175.985271,1226.763116,1305.972273
MGDG O-22:6_3:0,171.6911578,174.480971,165.5146017,159.1197712,187.2934388,180.5018241,176.6429852,171.6929726,164.8366124,181.2289154,161.9389359,163.3517066
Mesaconitine,327.5264916,333.1238762,315.6725485,328.3543282,360.2058655,345.2364214,338.8525629,335.4529913,329.5431984,329.8343268,355.7511509,314.2966224
PS 24:2,586.405788,555.8066404,600.7548056,572.3328024,604.9301748,570.1878028,730.31726,586.9556632,708.3359884,574.7227768,601.5185024,1154.396226
MGDG O-22:6_4:0,121.2098224,128.2888806,130.3552663,126.588992,136.3768189,134.8881187,129.5819552,138.9428412,130.644222,129.8707518,125.4776416,126.136951
Aconitin,417.4880692,417.0603096,428.3403772,484.586132,480.8043604,415.8875196,472.789004,440.5469956,459.646436,438.7679852,431.2580784,402.1086644
PS 26:3,876.1380504,827.136354,790.9028172,916.5016888,997.057694,873.9670136,917.137564,891.9231352,938.1671796,809.6369736,940.1474156,819.7712264
PI 21:0,633.5668812,639.3779256,658.6155016,634.24384,688.778494,702.5248056,718.4291912,729.8645516,718.1982744,641.8623288,625.734206,625.4668644
SHexCer 10:1;2O/16:1;O,155.8133296,152.835006,161.1900926,157.4371261,165.5640412,172.5135677,157.8061837,150.8806957,177.0759657,142.4130598,139.9389718,146.2475856
PS 27:2,1370.976352,1474.645803,1425.693232,1349.122145,1466.819729,1386.156215,1375.553979,1337.184677,1440.774671,1358.260332,1367.886257,1312.905116
PS 27:1,408.771508,267.5619167,289.3467334,257.201015,337.1291869,296.061403,304.2776572,279.227398,297.475908,306.5694353,328.1860524,345.8310649
PS 29:2,80.2856468,72.07737744,72.891543,79.05406548,81.65208036,81.56705824,77.83211276,74.73805376,87.1271766,83.20452236,83.2989692,79.32364872
PI 25:6,195.873705,205.1272486,194.1280008,228.2049677,237.6511679,215.1955684,195.6083969,219.6983374,224.8361631,204.2739592,189.3170198,191.4020559
PC 32:7,72.58419328,82.73880976,79.79589004,80.8631362,85.5842592,77.26545368,78.59218516,80.72390176,82.73982352,89.07266188,81.69846968,81.97570824
SHexCer 10:1;2O/21:1;O,40.67248384,39.01224168,41.4975918,41.2163196,57.20591948,41.82242748,44.44147772,42.68091912,43.09412792,36.19686636,41.93308784,39.71073487
axinastatin 3,760.1630292,743.6271224,737.9336256,781.1846416,797.8874608,796.2452612,768.4890012,748.2941072,804.5421904,676.0979488,667.8584968,695.84083
DGDG O-9:0_16:3,249.2457908,244.4427165,265.0629164,284.0205317,272.3911822,261.4447119,276.7321258,253.0551842,262.0388011,268.5774633,287.7273409,255.0457829
SQDG 16:3_16:3,58.23917352,62.11597504,55.42726172,59.09731992,64.759881,52.28160344,57.51894808,67.828457,69.37947968,61.36565156,60.91821352,69.45074612
PE 40:9,226.448144,176.9740731,186.0749351,169.7699179,243.403689,188.4233968,169.1161017,192.2758978,231.6567991,183.9007956,188.6129438,169.6236224
PI 31:5,770.2255952,745.6283444,732.9846668,821.4298592,816.2273324,854.9154948,782.5792448,767.0213048,830.493392,682.8712676,666.8007248,715.072464
Bafilomycin B1,947.5658392,1009.261272,1031.637909,1043.80444,1077.48811,1109.593208,1073.650717,1063.038091,1102.974722,989.5838692,1023.822138,979.7504368
PS 40:9,592.9191136,745.7212432,615.0936376,786.6231964,654.3550688,666.8001724,655.405812,683.8825128,675.449912,777.1127724,706.313532,625.804768
DGDG O-9:0_22:4,6558.049884,6151.467824,5946.230912,7509.968116,6654.325584,7053.940944,6698.11786,7628.776124,6989.704,7104.703784,6515.128412,6645.495544
SQDG 18:3_20:5,144.5947477,149.8546712,163.0762802,160.5656875,165.8522796,151.9850624,163.6177381,157.8709487,175.5168154,144.0663315,151.5268158,145.7267268
PI 37:7,1691.089623,1677.702247,1619.191974,1620.303288,1787.283299,1825.34842,1731.362155,1700.829481,1778.909422,1687.012363,1753.770866,1728.951872
Lactic acid,210040.8456,236482.5673,230677.4913,565860.1048,517147.7672,555384.1012,526762.6692,571823.6504,500752.2108,217711.7682,215721.8026,239932.0781
Glucose,3463.914199,4365.260172,3197.019131,1375.194964,1339.530015,1180.350054,1082.341529,972.6172888,1272.221409,3285.181006,3075.021114,3115.133675
