Sample,Bilo_1,Bilo_2,Bilo_3,Bilo_4,Bilo_5,Bt_1,Bt_2,Bt_3,Bt_4,Bt_5,Co_1,Co_2,Co_3,Co_4,Co_5
Label,Bw_mono,Bw_mono,Bw_mono,Bw_mono,Bw_mono,Bt_mono,Bt_mono,Bt_mono,Bt_mono,Bt_mono,Co,Co,Co,Co,Co
PS 24:2,210.1744695,210.1941576,215.4099417,200.7284888,240.3001051,4356.65844,2192.815443,1694.839006,2099.693774,2041.197631,91.1130205,78.28786594,93.59521468,78.22108666,83.94546112
Diacetyl,172.848721,168.0569876,155.4555968,177.4491563,194.3890161,2962.782782,1827.693914,1279.844239,1767.06697,1503.569728,68.40821941,64.8292294,78.36131039,69.09943281,58.77407401
SM 18:3;2O,168.6333867,173.0683691,174.2841141,150.6565905,198.8479311,3538.426827,1813.242206,1326.398005,1557.264851,1568.776191,69.41946325,54.73860168,65.63229135,60.91194432,62.30496038
SPB 22:0;2O,155.6852187,154.6995681,154.4210889,138.1753372,173.9127458,3025.690069,1664.289916,1196.598191,1483.241278,1493.620231,65.72865312,53.93350664,68.97204413,59.20672741,54.15657531
"2-Amino-1,3,4-octadecanetriol",145.8175168,120.0275122,151.254524,112.5945685,127.5869512,2667.279751,1358.859567,965.5225349,1069.121237,1227.60321,45.23767449,37.82811135,45.00326515,40.44959393,41.45956745
PI 37:7,120.568951,118.5313263,122.298166,102.861851,142.364501,2344.69891,1138.395293,797.7853098,1111.63504,1000.87879,45.07964319,32.95823374,34.88802864,37.75906606,42.12787682
Methylsuccinic acid,89.59152899,81.59283399,79.87518493,84.38037222,88.75802857,1379.631685,805.9328493,577.4739865,792.345409,761.0542356,33.04461652,30.65288099,38.46229562,35.17998108,29.21011252
Isoleucylglutamate,86.63848155,85.75618832,79.07907161,82.82643947,96.48046507,1524.116293,830.7528078,617.4894112,793.3676213,726.9551987,33.94297992,28.90547027,33.24088239,31.52997112,31.1325098
Sungucine,79.41354947,82.0375602,83.6304048,70.81586213,95.43973403,1665.223552,851.9793865,637.0490565,749.6249326,753.2521502,34.06729441,26.20438145,31.56182609,29.11406723,29.45822363
"Threonic acid-1,4-lactone",77.53459692,78.05514614,80.9956986,70.778151,92.46943582,1608.447047,811.6614936,600.9961871,712.0722658,719.74513,31.56593703,25.95895698,29.53094315,28.20497788,29.2498064
PS 29:2,74.86094388,69.3486658,74.93557661,67.24985921,85.61465068,1296.209954,684.6052024,507.2551291,644.6335466,622.7478779,14.92945793,10.48532559,9.254000877,11.09411622,11.60380976
Uridine,65.26036341,58.97639214,56.45888078,58.65980358,62.7152023,1094.405225,642.9791766,454.741059,626.5500102,609.0992509,25.57300351,23.91675421,32.43201265,26.44844064,20.28633805
Jasmonic acid,53.44241666,51.95969967,50.2985866,50.71270378,58.92815474,878.9244068,498.0904888,360.0344822,484.0412854,424.5937667,20.93193252,17.19038061,21.11445145,21.5779391,20.04195412
Valylproline,46.31165577,46.26578327,47.02425894,46.41472363,53.7769055,920.6724146,478.9231171,342.2290634,459.1446974,435.2469302,18.50881683,14.90060146,18.21280382,15.37153035,16.81900671
Serine,38.7236354,38.50006295,40.17446024,38.87473228,43.92557566,777.3476385,399.052405,286.790341,393.5340807,369.2273699,16.36644819,12.88502685,15.3006953,13.09471085,14.2038844
Latanoprost,35.4141057,35.24726118,37.79265352,31.16921145,38.95974271,644.5784459,346.6447951,243.4113602,353.7383651,308.9837727,19.39285758,12.84786663,16.33339373,17.31885106,17.51374904
Isoleucine,34.71629309,33.93222722,34.02411569,37.16160553,40.24077112,643.9138383,379.2051625,272.7620322,385.4150995,370.0376796,16.37619217,14.95927181,18.84362388,17.58564391,14.63514881
Cilastatin,32.2599863,32.09046597,34.45439103,27.57343117,32.82361332,569.0168838,334.9465241,242.160409,321.6123057,250.6458479,13.57774924,11.43969265,13.26224442,12.17028393,12.45165549
Crotetamide,30.67916647,28.91027979,29.72843542,31.34618608,34.8891761,505.7549854,281.4513032,221.7079444,257.3338507,246.6208085,11.4529485,9.101173416,11.17427144,10.18303441,11.56812807
Tributylphosphine oxide,29.52295215,31.16050802,29.82270547,27.74691624,35.52766843,541.8416916,280.4854279,203.5205111,283.667213,268.7451466,8.355500489,5.486426344,4.576170491,6.578306856,5.691249385
Asparagine,28.33642396,24.88942358,24.94376541,25.04181056,26.34942824,439.280906,246.4776026,183.0222957,253.5278148,229.6058078,10.00644087,10.22773012,13.58406984,11.12222869,8.957211347
Isoquinoline,26.44287609,31.87971813,24.51721918,28.80282279,36.33353884,398.6295168,245.8932139,218.8372832,234.0631683,243.3906766,7.970608828,6.371401892,6.464343489,8.902089795,8.782935672
Pipecolic acid,26.19590943,28.12735855,24.99528011,26.02602602,31.8781868,495.3576889,268.3766133,189.5889094,234.0902046,232.6180919,8.57480701,6.321430322,6.705265896,8.475703172,8.102957639
N-(9-oxodecyl)acetamide,25.91794908,28.34671371,24.59402326,22.58401314,30.55364087,458.8116263,218.9118085,163.6875307,212.7250365,234.7531517,10.95800935,7.888580236,10.02535364,8.322824964,7.716144983
CREATINE,25.38048591,25.67615584,32.61351875,23.5241532,29.49789398,580.945468,300.0662784,210.1258456,272.5921454,295.0082787,37.56506691,32.58023402,46.2948497,31.38300514,33.80537084
SM 10:0;2O/6:0,24.46486507,25.33750907,26.01817069,22.28303633,28.72896617,503.2945159,260.5685867,194.8458793,228.2196161,226.6622921,10.43352783,8.205542401,9.627706927,8.871933887,9.069115509
Spermidine,23.46517367,22.73307237,21.42001746,20.77706542,20.00259625,363.9857584,159.3462979,126.6023134,173.0880919,146.6271096,8.884589046,7.074848509,8.650903301,7.828954103,8.724122494
Hymecromone,21.68226809,22.29796231,23.59424737,22.01879926,23.84855505,430.0611307,219.8386635,166.4851773,228.5847137,214.8445661,17.81883195,16.15348427,22.75925942,13.71424272,14.68824046
Stearoyl Ethanolamide,19.71194876,20.06197375,20.99999656,17.07248511,22.96439649,396.2852396,198.9943083,149.2612367,182.8962984,176.875542,8.221924977,6.494687461,7.40189818,7.1283044,7.365991725
7-Hydroxycoumarine,17.20392134,17.03463567,17.70944582,15.52573291,20.3339498,350.3641139,170.6212715,131.4901753,161.9825633,161.0354226,4.945354715,3.606711336,3.462663023,4.442681597,3.993203149
2-Isobutyl-3-methoxypyrazine,16.92337465,16.95082466,17.63413207,15.94425113,19.2986238,331.2221301,157.963102,141.5480535,146.8737058,146.4359275,6.557998931,5.50846035,5.881873317,5.624064507,6.439470501
SM 11:0;2O,16.85345674,17.60021738,15.62111277,13.81574005,15.20619062,232.7282061,112.0893884,93.88575944,131.6991883,123.6330821,6.550030505,4.587341635,5.586207059,4.900025083,5.351619575
SQDG 16:3_16:3,16.22308967,15.16020935,15.10167538,14.43700658,17.29166977,271.6386473,147.129151,108.8150675,134.4482227,130.1857767,6.903766812,6.052998967,7.115845623,7.050447411,7.004930375
3-METHYL-2-OXINDOLE,15.9010786,15.75406209,20.59912886,17.68831463,17.55683441,385.8617204,162.8275969,156.0746062,146.892996,182.7815961,7.373711528,4.949968865,5.40792009,6.745803454,7.1080987
COTININE,15.31333517,14.40827049,11.43365984,15.687111,16.77265233,255.2022508,142.3539966,107.9952398,127.2186331,124.7062476,6.027246053,4.754245585,5.603294044,5.037335131,5.822530461
Valylvaline,15.22279762,14.67884116,15.48252604,13.86113074,16.70709644,261.7878427,143.8708024,108.4121,131.0028332,131.3112664,5.629275817,4.569157432,5.268001487,5.359078925,5.313054789
N-Methylanthranilic Acid,14.86909901,13.6650256,15.87042137,16.25810988,17.35819561,199.2047831,108.2091128,81.81755207,103.1184462,101.0116921,6.508296058,5.194013599,6.624087014,5.368487261,6.001990096
Tetramethylpyrazine,14.77425903,14.48532889,15.76023255,13.38529958,16.67965204,277.5385088,136.0863949,100.6561215,129.0077484,122.4362298,5.77563638,4.394931167,4.943876266,4.882321439,5.404726216
Sphinganine,14.13662489,2.852611361,4.843050763,2.821081784,1.717712834,60.52160861,156.8935269,117.8474414,187.7749717,129.5252774,3.953478268,3.719781001,2.27349581,1.99378356,1.00325927
"4,4`-Thiodianiline",14.09978981,11.47619111,11.94470013,13.48445802,16.49503552,271.920094,145.6936551,106.767659,138.5215797,128.8022836,5.358730384,4.58973824,5.184033456,5.106966037,4.113047513
Stachydrine,13.6968055,13.28008782,13.82080768,12.87886202,15.42821755,235.0449104,130.9412663,97.77366883,119.4841998,115.1012984,5.104130256,4.333827801,4.901141027,5.020215842,5.079542151
Valine,13.06289151,1.458461136,4.752756381,10.48581569,12.11588164,239.477314,114.8042614,82.1960518,126.3472506,97.11861661,3.805609851,3.918478975,1.559746008,3.081556249,3.201966625
"GUANOSINE, 5-CYCLIC MONOPHOSPHATE",12.74188011,12.13302744,10.03872843,12.95809928,13.83362315,216.5073154,123.6954206,90.60709258,92.63834214,91.93693982,4.290540772,4.007654932,3.963141336,4.127090648,4.125022069
Hydroquinone,11.75462644,12.34977722,13.64436893,10.82727139,13.12465426,268.2655832,136.5336552,95.41726193,129.842055,116.0491922,3.499673386,2.775241413,3.145186228,3.301071471,3.327468457
Meprobamate,11.42927328,11.45382008,10.73641009,10.70415932,11.98319754,177.7363119,102.4850368,72.74321586,98.47216111,85.23889817,4.283623301,3.598951219,4.366708454,4.470992445,4.107799206
Sparfloxacin,11.36619878,11.34952742,11.76658601,9.929581475,13.00520195,219.3695404,113.6236974,87.93784591,103.2730784,104.2415051,4.830857903,3.612761586,4.354394859,4.147365306,4.140029014
4-Methoxyaniline,11.21203197,12.54411846,10.94680262,10.04579594,17.5058162,284.6312978,119.0842621,80.50324018,90.91109096,114.9317834,5.17892654,3.873627685,5.27952688,3.845770113,2.992012425
Aspartic acid,10.66061442,10.14832013,11.40801257,10.53696145,13.47854675,215.2412754,115.3174398,91.83191707,109.9092523,109.8040416,4.360362911,3.213736268,3.2703545,3.787552756,4.063908477
Prolylglycine,10.37758038,9.467387422,11.25713786,10.86792283,12.01225948,182.9354753,97.94416628,74.82619403,91.87565915,88.24774955,4.543040439,3.719694043,4.294744411,3.935762676,4.132203687
Ketotifen,10.29574645,10.2031526,10.62737702,10.53891411,11.96007402,198.1523179,117.2792499,80.90205798,97.07406034,91.83717427,4.821938687,4.366625936,4.866365405,5.614896043,4.48525488
Azacyclotridecan-2-one,9.672835846,8.221742099,9.718446603,7.669731315,9.514101598,173.0288328,89.60681679,64.55058763,85.15526557,77.89469817,11.84738532,8.476478986,8.324990273,6.400744736,6.311137784
PE 17:1_17:1,9.221935518,9.769806482,9.489429046,8.327758834,10.28035593,165.6829516,88.83631505,68.84649286,84.29217934,73.36548793,3.605535272,2.900413749,3.692873636,3.249905251,3.251725829
PI 18:2,9.104042399,10.1816739,7.031584898,5.916591292,5.677642017,96.84783011,58.9277952,38.92330662,64.06054854,60.76306932,3.138630907,1.738601837,2.013261855,2.043887719,2.32661024
Phenylacetaldehyde,8.967398925,8.987968183,9.2357735,8.312036053,11.30087378,174.7753781,93.03578841,66.41950221,84.46292452,84.71842245,3.130889,2.32455296,2.309293952,2.516377376,2.580723258
"5,6-dihydro thymine",8.907355693,8.720910432,9.695366568,8.879631208,11.57678667,177.8989845,98.91462345,80.78564629,97.2877681,96.15002475,3.711841718,2.650148053,2.699810542,3.301522826,3.498703769
MALIC ACID,8.851742128,9.050667372,8.1246827,7.321315014,7.314012296,120.2011038,55.78312372,43.39318731,59.5515879,52.92458488,3.362895915,2.879261106,3.601096855,3.018558737,3.316372666
Prolinamide,8.568130287,8.540405051,8.968863731,8.205163278,10.27384106,184.7987278,86.48560212,65.07716042,79.78561087,77.88227741,3.423054904,2.86887081,3.126366459,3.171581798,3.231031514
Dimethyl sulfoxide,8.316144399,8.053123604,8.702265904,8.448929174,9.996355369,162.8669774,88.0169939,59.11291436,88.28781178,83.15137457,3.64221749,2.963172322,3.42718734,3.167909655,3.307036794
Hypoxanthine,7.801494869,7.342082687,8.215825026,7.167058176,8.934285843,135.686616,71.90539294,52.02450673,65.16790248,59.86230517,1.816329455,1.275025657,0.881109901,1.524761707,1.390442972
Atenolol-desisopropyl,7.761699517,9.032923573,8.898452606,7.003493867,9.376839234,164.582444,81.70852784,52.92370243,71.09633705,72.74173271,2.867395942,2.259195479,2.245649129,2.366082291,2.545047528
"N,N-Dimethyldodecylamine",7.25310515,7.18017242,5.487335596,6.182455064,7.963396896,120.6958366,64.18896779,46.822886,54.75865654,55.60464399,2.441307173,2.18512472,2.407141907,2.371644666,2.133254875
Phenylalanine,7.03936863,6.58229613,6.226974514,6.290704797,6.628931451,102.9412224,58.0448349,43.44900853,58.03901746,51.01245547,2.510352391,1.924331118,2.338562456,2.407781422,2.275331568
Tyrosine,6.880785113,6.981147366,7.078064874,6.222157318,7.881519132,122.3511168,63.30138399,47.57886205,55.3565117,54.11786842,1.309489462,1.028339514,0.749404443,1.115452286,1.238219852
Lobeline Hydrochloride,6.813633659,6.574133396,6.811726685,6.442486821,7.756199728,135.4799777,70.35366932,53.00228686,68.10955646,63.87755214,2.670608016,2.240586385,2.775044102,2.346322495,2.410802535
Prolylyphenylalanine,6.737904618,6.118004972,6.205840853,5.951973578,7.11431636,110.0794022,62.40786185,44.13418231,56.50489106,54.24790146,2.956426177,2.722369151,3.362344711,3.014465475,3.078480387
PC 32:7,6.43666805,6.163487733,6.735534434,6.126703772,7.249998134,125.4064814,60.06675649,45.73270493,56.35718449,54.8448094,2.452040755,1.967463226,2.138609527,2.05924057,2.371753257
Acetaminophen,6.433922537,6.068422844,6.684017484,6.312811128,6.532414441,108.8556116,61.34644565,48.58188537,45.79653669,52.61665897,2.2633639,1.676485878,2.093989308,2.087466658,2.410002762
Xanthine,6.420702676,5.965578035,5.841519441,5.982962268,7.375638827,84.159682,58.4601368,40.04440337,48.45633991,46.29144553,2.514547752,2.015746891,2.068251694,2.175297404,2.372178485
SM 8:0;2O/3:0,6.246660061,6.223883667,6.151680819,5.624371083,6.976990166,117.0338519,58.18052984,45.95738473,56.73831886,53.12238474,1.968552694,1.370173016,1.313416943,1.640233178,1.695942152
Pipecolinic acid,6.172627427,6.096608171,6.405183703,6.016947189,7.106709151,123.5535095,63.52202251,44.76794971,63.54792782,56.823649,2.569012028,2.075354242,2.383696929,2.120908405,2.227005881
4-N-methyllyaloside,6.101819502,5.498075684,6.176766873,5.688089517,6.942950129,111.0577516,56.86060388,44.77923862,54.1267612,47.76893203,1.333550527,1.044448025,0.815555334,1.104428192,1.23237692
Citric acid,6.01815804,6.60246174,7.537990405,5.91335264,7.77910405,137.2539664,76.63235152,44.68621388,69.68610856,69.60352292,2.415422735,1.890541522,1.879016339,2.04299628,2.127045152
Juarezic Acid,5.896420943,2.144692088,6.271431672,5.128440098,7.082780678,79.46773416,65.87855238,49.72075735,64.88420763,56.01768533,2.789875454,2.305014501,2.671522702,2.245003612,2.818476606
DG 24:2,5.764272196,5.597305977,1.890756589,4.94248952,7.197144282,106.0084714,42.21197868,37.51813569,50.23207809,51.06756402,0.987373514,2.197906437,0.798219905,2.381397949,2.17728264
"2,2'-Dithiodipyridine",5.571567716,3.35566659,6.071956395,5.31834617,6.68033558,108.3887684,64.27232271,44.21140646,52.73324412,65.94997439,2.469510978,1.78776035,2.689157763,2.835244605,2.999784335
SQDG 18:3_20:5,5.461208087,5.521948712,4.958442346,5.27425711,6.279530864,94.24551977,53.95527054,39.98427692,50.25061486,47.98388237,2.073470542,1.787710239,1.837544097,2.005165654,1.891343367
Vulpinic Acid,5.251258871,5.352896261,5.369967699,4.889471073,5.918404454,97.5464165,51.34621513,37.37178072,48.39793577,45.32552203,2.12630748,1.698330315,1.908640483,1.820402539,1.941536593
Atrazine-desethyl,5.239795211,5.227096476,6.204019202,7.266006624,9.407643411,153.9566166,81.82055256,66.48954293,80.85250846,85.3904928,2.994968268,2.189392074,1.580104364,2.672515834,2.707299622
palythine,5.223535306,4.460287814,5.519089323,4.781210135,5.721191815,90.78905236,49.92825537,32.44261329,47.20847069,39.60408105,1.702363269,1.563479403,1.708070441,1.672740477,1.57798045
Diphenylsulfoxide,5.185016413,10.27706262,10.35933672,14.92948837,18.77718452,319.916305,157.9868632,143.7509576,166.2981767,173.656108,5.410515448,4.201555009,3.073118901,5.365782636,5.226203801
Docosahexaenoic acid,5.185016413,10.27706262,10.35933672,14.92948837,18.77718452,319.916305,157.9868632,143.7509576,166.2981767,173.656108,5.410515448,4.201555009,3.073118901,5.365782636,5.226203801
Lysine,5.075515375,5.031706828,5.038342148,4.232270184,5.834349624,93.90370029,45.63954015,33.25619629,43.92696891,43.1566135,1.897095278,1.466587539,1.511621259,1.401310275,1.702126243
SM 8:1;2O/5:0,5.01030687,4.668995351,4.789809887,4.474460819,5.327854828,70.49134468,41.11396934,28.71377197,37.24328666,37.44303075,2.156002949,1.811733841,2.932306814,1.574780804,1.44181642
LPC 18:2,5.005161723,4.931587604,5.626847062,4.868726649,6.209160569,102.4162375,48.11123202,34.19714502,49.36295178,51.06276153,1.362161347,0.944864527,0.785803207,1.047369252,1.074865799
Uracil,4.988120281,5.055463089,5.192294665,4.930554782,5.621511796,102.6359369,50.96871825,35.94931372,51.87870158,47.14359467,2.078309713,1.682398468,1.972336467,1.724223052,1.784302287
Glycyl-proline,4.987570295,5.798496032,7.204643349,1.449540954,7.075331076,107.30185,55.31199093,51.99537483,52.9890469,55.87893915,2.205180166,1.469208966,1.512245658,1.616814282,1.780965382
Isophorone,4.985558097,2.245973725,2.718535618,2.332641965,2.624853382,43.11371569,68.11156617,16.64525404,17.23568989,19.44457338,1.03775121,2.313538776,1.272402177,1.073555442,2.81651141
1H-Benzotriazole,4.975213946,3.605527095,3.698403329,3.809960089,4.137391452,75.83225647,37.76562945,29.99793604,39.53474009,36.4076487,1.59285221,1.433860911,1.345272301,1.356246527,1.583494995
PI 31:5,4.889928109,5.142250979,4.154490989,4.866318249,6.026349772,99.65021382,53.69791671,32.23806781,42.82006144,44.40247086,1.892760676,1.05243988,1.34479576,0.71862006,1.580943156
N-Leucyl-leucine,4.850369987,4.720610265,4.945136864,4.854664073,5.397039644,84.88690293,46.63743557,33.97483899,44.22491033,39.46011184,1.865553742,1.53850589,1.700251695,1.699475732,1.742529894
Pyridoxamine,4.796055856,4.040466847,4.198624536,4.242126136,4.480098071,70.8650116,43.16936358,32.31358365,38.08362706,33.72734761,1.815519803,1.672964097,1.45348778,1.585147603,1.388627459
Quinoline,4.777637999,5.192541225,5.867086372,5.515690227,6.085003241,103.9007357,52.34396049,40.95833316,54.3090581,46.71999855,2.250885998,1.95556867,2.149831444,2.159946516,1.959595716
Styrene,4.457686213,4.560925937,4.548077726,3.986382851,5.310794697,89.83865585,46.94339334,36.08765163,41.78977833,44.00002901,1.804108742,1.435612441,1.78069671,1.547984573,1.617093679
Pseudojervine,4.434420412,4.695038349,4.726975999,3.993806517,5.13631289,83.1683807,40.73412659,30.45370703,37.80000312,35.25002472,1.426590974,1.137428996,1.086480164,1.209357483,1.383675704
Norvaline,4.389533087,4.274208682,4.548703148,4.036557708,5.019652145,77.19214063,41.58709095,29.54793333,38.25913091,36.26875473,1.732397141,1.348813469,1.465992633,1.41317247,1.572461639
"3-(3,4,5-trimethoxyphenyl)propanoic acid",4.358581689,4.080072248,4.222655993,4.293226195,4.441430278,80.3771622,41.56858712,29.97201909,51.72905164,40.21791123,1.280577158,1.514248249,1.771879511,1.759252265,1.358433904
N-Methyl-2-pyrrolidone,4.20473135,4.010368686,3.822475303,3.873665376,3.930541539,63.23595759,35.15249838,26.78478046,36.31501306,32.27749857,1.574312516,1.21662363,1.47899725,1.546743886,1.422008602
N-Acetylgalactosamine,3.955858164,3.763987768,4.068391429,3.268203352,4.311732485,68.02031932,34.88903073,25.58302501,31.76289712,28.08906039,0.812920182,0.575863972,0.473689612,0.612131864,0.743258584
3'-Adenosine monophosphate (3'-AMP),3.91164785,4.002359556,4.315026203,3.904946188,4.936056853,60.41661911,34.52479804,24.08220308,39.91020155,36.08414836,1.336696197,1.336994626,1.545447057,1.140043723,1.410164777
Homoserine,3.893169344,3.475067982,3.432505679,3.546888927,3.833834399,59.01182927,37.40151842,25.16841978,33.75182338,33.09567047,1.421754297,1.322514178,1.678519824,1.563872147,1.272073999
Indole-3-acetylvaline,3.827138786,4.551032432,4.105835447,3.365022995,4.396260626,70.49102293,34.02248296,24.49799761,33.37046293,37.04050609,1.164931037,0.989159237,0.980316707,1.068909206,1.106880296
Leu-Gly-Gly,3.730647588,4.043408705,3.991204586,3.842173264,4.915132936,64.00528538,32.05057834,24.02215568,35.29004033,30.89773524,1.787112338,1.27988308,1.453888199,1.662265225,1.647842952
Indole,3.707371524,4.997346807,4.897936432,3.279268123,3.943327104,67.35284055,35.46861037,26.11178018,33.46527697,31.67450943,1.424260998,1.240544281,1.476861153,1.296921423,1.412093485
Desmethylmianserin,3.683569418,3.309837753,3.757550514,4.447380032,4.825214309,199.6683347,102.6921252,82.1536668,98.01140293,99.6648735,2.819298024,2.229407818,2.943893236,2.700312854,3.264321676
Vardenafil,3.643896506,3.517208942,3.987409502,3.405130188,4.602422182,67.09918861,36.26637833,26.74911584,37.41512049,33.21954945,1.185872829,0.858864802,0.812584522,0.926294628,0.887443035
MG 21:0,3.560517391,2.995656945,3.169812183,3.136164701,3.316469249,56.98751937,31.84371891,24.03538966,30.66771666,29.76553608,1.149687943,1.255140836,1.525448251,1.409459714,1.123980181
Oxadixyl,3.552382072,3.765638317,3.822094842,2.161987928,2.616259582,42.16378791,35.10815577,16.60190927,20.61320387,20.91316983,1.502489144,0.887124755,1.376063831,0.870055718,0.902235348
5-OXOPROLINE,3.542209748,3.050405372,2.878250789,2.897014296,3.441088727,56.89203451,31.93587239,21.93614425,33.68300778,27.05045251,1.477453889,0.984569577,0.764974751,1.184821158,1.181586036
Cysteine,3.444769613,3.08775509,3.555093236,3.696530957,4.087039224,61.1332462,33.61266867,26.21299651,31.37626635,30.15885636,1.385990779,1.183479824,1.348642784,1.28116624,1.305895951
Pentoxifylline,3.427756495,3.605250273,3.525478335,3.458395864,3.883795863,65.72454472,36.83415967,25.16862559,37.56104212,33.7083536,1.452012899,1.185357055,1.421045052,1.217660431,1.200829815
Imazapic,3.353055952,3.243227283,2.609214396,3.427565024,3.846223621,57.22607716,32.47749343,23.97212805,28.09365098,27.18932215,1.366676492,1.041250822,1.253701372,1.117582766,1.314008036
Hexylamine,3.336562694,3.395553381,3.094473695,3.600088759,4.436424727,67.23055951,43.19676243,29.26271122,37.71919673,31.4480953,1.51874591,1.582072589,3.912888926,1.949033728,1.856001824
THEOBROMINE,3.275468998,3.067083035,3.228992205,2.997655837,3.754286616,57.00647356,29.99741364,23.06380946,27.53691072,25.80276287,0.480652916,0.333593247,0.230560984,0.378747006,0.36261709
Mesaconitine,3.182481881,3.00272768,3.205494981,2.739573788,3.4540588,54.03734514,28.28840632,20.97730932,26.75463875,23.59841327,1.103788101,0.930207354,1.052763357,0.969761148,1.005255222
4-HYDROXY-2-QUINOLINECARBOXYLIC ACID,3.068844558,2.310129085,2.58219219,2.497364047,2.585699444,15.58909723,6.693063131,4.607479282,5.900598599,5.176050617,0.235731251,0.224733019,0.2416912,0.242962212,0.22270667
MGDG O-18:0_2:0,3.030668673,2.695235392,3.151211699,2.612295393,3.198439229,50.60136681,26.97113947,21.81949115,28.05197688,24.02976877,1.04187432,0.947399727,1.039755394,1.034596032,1.060267013
Benzothiazole,3.027577625,3.288215342,3.158784247,2.84968468,3.545544956,59.79977214,28.1185069,22.65265669,28.3739646,27.69242161,0.841553848,0.59476736,0.572419243,0.717144661,0.723750731
3-Indoleacetonitrile,2.971873729,3.009064663,2.944055642,3.105577923,3.541720946,55.01424075,32.86033197,24.3832313,32.28788975,28.03751255,1.531554456,1.444898805,1.5866745,1.492721499,1.465449459
Fluorene,2.934886617,2.971768485,2.934237685,2.792636392,3.590899117,58.7881583,29.37345465,22.63415867,27.74202539,27.92138115,0.82920364,0.57329473,0.580227856,0.719091657,0.723161318
PC O-12:0,2.854362563,2.694461435,2.802408555,3.120532293,3.594254645,48.96692444,31.61453529,22.5723607,25.79362304,25.49586245,1.358918494,1.178643715,1.229975173,1.522970767,1.311231194
MG 17:0,2.802995444,2.895716793,3.090528131,2.635208803,3.244699183,48.40154515,24.79918497,19.62458529,25.94430529,24.43949476,1.144754376,0.964900618,1.032079698,0.979935445,1.077114314
Pyroglutamic acid,2.799008936,2.744255259,2.538401233,2.362366494,2.453797474,39.97163054,19.02993857,14.39724877,19.99743394,17.48674717,1.087607786,0.88811035,1.100900832,0.965380184,1.025812908
2-Naphthalenol,2.77980219,4.769017496,2.996927115,2.706010814,2.624177336,47.08181156,21.99024009,19.9658633,28.59681908,19.27062431,1.068335264,0.887987224,1.046520352,1.748425047,1.38359319
PUTRESCINE DIHYDROCHLORIDE,2.773441801,2.598426032,2.669204582,2.453215752,3.085469718,45.92032491,24.48076345,18.50793099,21.83455882,22.9085504,0.82238812,0.602938939,0.614989525,0.704931262,0.804892687
4-Hydroxycoumarin,2.764184921,2.787390805,2.706002632,2.663636933,3.301195666,50.4700422,29.55183506,21.3622453,29.13267611,26.32748792,1.30154396,1.086379841,1.325210425,1.327844119,1.243440111
Tributylamine,2.732648751,3.284181802,3.266341384,2.434807385,3.638838404,58.82117438,29.92815994,21.85987415,28.21135752,25.73504168,1.037127786,0.739726007,0.712655648,0.773906757,0.829777334
BUTYL PARABEN,2.708045775,2.607803134,2.919798239,2.643321971,2.866601044,52.3838281,27.05727331,20.18652875,27.93181751,25.88716705,2.288832299,1.893895333,2.831589971,1.461745615,1.753949137
Proline-hydroxyproline,2.664723803,2.338208027,2.748324838,2.376624801,2.866215488,47.52343294,25.4794256,17.7925847,30.38465693,23.96845844,1.02673711,1.084096655,1.038526913,0.914782245,0.987202285
TRIGONELLINE,2.591092231,2.530264513,2.502836729,2.296316944,2.694494783,45.07394676,23.00740064,17.55417753,21.4189435,19.91105726,0.77672457,0.645063527,0.816713861,0.684367601,0.752216227
"2,3-Dideoxyuridine",2.562741016,4.842084028,1.902295431,1.489714625,2.952373021,41.77711361,8.141745264,17.56175343,14.60595438,44.904343,0.512639263,0.32243497,1.150669597,0.428513239,0.466762159
Prolylproline,2.461294606,2.328387146,2.516088629,2.146377719,2.604078635,45.84357208,21.83916256,16.38171345,20.13020028,19.41041556,0.982627647,0.818465183,0.991129477,0.868251579,1.000854584
MGDG O-22:6_3:0,2.412892577,2.523812944,2.250479482,2.608830387,3.114898289,46.73371412,26.86037662,19.97463787,25.78295474,23.96567075,1.000340146,0.89181698,1.006984247,1.073651544,0.990942234
Mitragynine,2.357824917,2.227279628,2.280957274,2.01898667,2.562802122,42.81239788,22.89995892,16.14900837,19.89170445,19.20160368,0.883832473,0.725331791,0.828261225,0.821799003,0.826047791
Bacillaene,2.283097297,2.217603115,2.619727194,3.057451842,3.772561653,51.01509445,29.28175801,23.38124723,27.57165762,29.44067327,1.427617952,1.112004364,0.835663084,1.158907742,1.207980041
Raffinose,2.266079736,2.240856209,2.540828924,2.106870789,2.724361363,45.13086294,22.46391744,13.41624359,22.58948452,20.52140638,0.97919836,0.716952847,0.805160533,0.718529114,0.765189368
"7,8-dimethylalloxazine (lumichrome)",2.257478839,1.465350791,1.428461954,1.106415021,1.395114773,23.38325889,12.30602873,8.388889941,10.53349486,12.36464284,0.265863486,0.197111302,0.167430627,0.190894325,0.213753242
Prolylleucine,2.24979276,2.33245289,2.424020314,2.132242031,2.559651021,42.64476369,20.1998771,15.7221472,20.35302897,19.9091394,0.894783183,0.684665437,0.819736165,0.663309459,0.759693927
PE 24:4,2.221707749,2.083086164,2.298719453,1.939599527,2.432077494,42.25662266,20.08305076,14.04024081,19.9424226,18.37510318,0.871916666,0.626579384,0.661637802,0.724212785,0.794336089
Dictazoline C,2.181090641,2.006347009,1.87665267,1.810896558,2.124472462,38.75255248,19.06981236,13.35171507,16.98932194,15.64135057,0.393915925,0.307139254,0.305468673,0.38447192,0.436144824
PHENYLACETIC ACID,2.180896153,2.223387611,2.156786467,1.961685613,2.400534396,40.08907918,19.36475246,15.13748463,17.77582113,17.8309239,0.776718992,0.675693963,0.758179122,0.740523088,0.783101492
Phosphocholine,2.076717938,1.88798658,1.850513365,1.846428306,2.346980873,36.67536769,20.21909483,14.4517066,19.66854268,17.37397495,0.728395921,0.549429066,0.610925219,0.600580502,0.665878817
PI 23:2,2.066665441,2.228721577,2.314374908,2.035983414,2.503260185,40.22265382,20.9728348,15.82885882,20.41060547,18.02539134,0.879178013,0.755237102,0.800369429,0.826058957,0.796676253
ORNITHINE,1.977837527,1.562400246,1.979321605,2.121177671,2.35199303,34.1842277,21.2206334,11.2337918,20.74358775,31.31209477,0.675604941,0.61137074,0.556180453,0.61461334,0.664640954
Trifluoperazine 2HCl,1.962322121,2.032659862,2.124454727,1.78758662,2.283895378,36.34594587,18.39978535,13.66726258,17.08244471,18.00056559,0.811879858,0.642798726,0.723433638,0.611638467,0.751239777
"N,N-Dimethyltetradecylamine-N-oxide",1.945064637,2.154442693,2.051237424,1.818903994,2.41702879,35.15199726,17.87451482,12.32517107,17.8583281,14.82978982,0.533881656,0.414183352,0.313627851,0.365157831,0.356622982
PHYSOSTIGMINE SALICYLATE,1.922264452,1.970359638,1.650772726,0.961928843,1.994689739,28.92558723,16.59369054,11.2666302,16.43633035,15.48338317,0.804271461,0.562733781,0.565262706,0.64290174,0.632408303
SM 8:0;2O/5:0,1.89872298,2.003836678,2.019171041,1.744926412,2.160420682,34.98507345,17.21391777,13.13133996,16.33058953,15.80922977,0.864922622,0.751410014,0.619349318,0.86938021,1.028048711
"1,10-Phenanthroline",1.877353905,1.458461136,1.848714706,1.651833649,2.025073559,33.87182335,17.79805206,12.96362253,17.99359333,16.80453677,0.411332584,0.260181622,0.271179027,0.275240106,0.336951189
MG 19:0,1.873171972,1.978466304,1.926853794,1.595818549,1.956661371,34.74719904,18.13139019,13.71328009,16.42242124,14.38480121,0.735947408,0.578928904,0.697662383,0.606678014,0.650328587
Alanylproline,1.854921701,1.813531945,1.836044052,1.76004222,2.110436386,30.74170907,17.79916701,12.71466936,16.21597029,15.96334796,0.717644496,0.59325173,0.703526034,0.588676382,0.678516911
N-Acetylcaprolactam,1.844304335,1.810137434,1.82548296,1.622534886,1.990328678,39.50332212,20.23682441,14.7586174,17.70920418,17.18672619,0.69569749,0.562973773,0.641373349,0.6203216,0.681996499
culpin,1.841771541,1.658336385,1.495259692,1.443827568,1.962495844,28.26936834,17.45452077,9.963224187,16.23158247,15.18409468,0.538215736,0.448469322,0.420304003,0.3546439,0.332688416
Adenosine,1.84022042,1.736797885,1.792676704,1.769035414,2.164002332,37.23348376,16.35072764,13.37955832,16.4895384,15.6454543,0.516419613,0.375153878,0.381412829,0.470372715,0.437835674
N-(5-acetamidopentyl)acetamide,1.83511018,1.938422721,1.876157982,1.811393921,2.002735895,33.72738829,17.80080364,13.56049249,16.63807485,15.96381514,0.938002509,0.82898579,0.891607484,0.823059565,0.862159163
Tryptophan,1.829331611,1.715583594,1.876992293,1.741252057,1.96209323,33.44398693,17.54120025,13.53025167,16.25608496,16.20725135,0.797108015,0.643915369,0.681324734,0.644390078,0.702450599
Tetramisole,1.812875681,0.722447814,1.955002918,1.59408293,0.6510663,19.57196662,17.54898085,6.81237055,11.11338777,4.870090484,0.574223979,0.339197392,0.283939489,0.234200754,0.299468643
Nicotinuric acid,1.798864844,1.592003617,1.724224866,1.529869015,1.950327021,28.05534485,14.49283191,11.63421019,14.85485117,14.25316433,0.584646337,0.466750613,0.464652072,0.560725967,0.551475827
LPC O-7:0,1.74089678,1.743731948,1.538179826,1.396108352,1.415887064,22.57110888,10.17186049,7.796558345,10.60743498,9.403468191,0.643448323,0.547740075,0.681605075,0.579265034,0.623699166
LIMONENE,1.740703072,1.73260339,1.623139328,1.734436259,2.053223787,19.07301322,10.54900667,8.157520412,10.2600276,9.812088004,0.675372808,0.560499821,0.610294122,0.53510325,0.599600598
Kinetin,1.718073869,2.818583765,1.092800677,2.392364386,1.883543683,57.38945523,29.44762175,23.19390714,27.67775791,15.79627132,0.435369552,1.162968456,0.308744276,0.650607963,0.599041842
Bafilomycin B1,1.706119576,1.15715328,1.556392932,1.503254163,0.9256663,24.94631151,14.04633404,6.312500074,9.56812283,14.46182501,0.625192369,0.49533896,0.411637676,0.639005709,0.593009161
2-Methylbutyl glucopyranoside,1.691616227,1.579442245,1.798549466,1.161541321,1.881209547,22.94789768,17.28400307,12.48995374,13.02703317,14.75152192,0.423175006,0.416890449,0.475952527,0.461826249,0.543398964
3-Phosphonopropionic acid,1.66679574,1.590409462,1.608015281,1.264357609,1.637634628,29.7927711,11.95577442,9.409628464,12.11610187,13.78850204,1.172367362,1.006846446,1.081847749,1.133877476,1.043696488
N-Acetyltryptophan,1.638404736,1.68889914,2.142212546,1.541223452,1.945900428,35.50468658,16.08243836,12.69343669,15.42334581,14.61173797,0.568254136,0.446840375,0.434422431,0.503612223,0.504514427
DICTAMNINE,1.627159991,1.497103364,1.533865709,1.347135517,1.508924179,27.05600587,10.67262458,7.725607061,9.857702665,10.46940882,0.419946826,0.367418841,0.385825996,0.308256317,0.333651727
Securinine,1.600793588,2.270228649,1.885446123,1.423928893,2.053796532,33.86148708,21.55038833,12.02957764,16.52693567,16.31822678,0.736877868,0.485093834,0.637243308,0.568392374,0.608622311
Norleucine,1.594607084,1.661252876,1.531111671,1.595589651,1.980144507,29.45770643,16.37440367,12.16304436,15.89389801,14.99070568,0.661662042,0.570862331,0.626395301,0.638978256,0.619019137
Lunarine,1.578483384,1.831722024,1.844235994,1.558996867,2.077964498,34.89691294,18.57042821,11.52061524,15.7761069,15.81506893,0.517492624,0.378641703,0.379132215,0.428316251,0.450735274
Nicotinic acid,1.571962135,1.306646881,1.402737472,1.505713278,1.793423357,20.08105884,11.89550864,9.476168542,11.68368797,11.07712952,1.033060964,0.916610879,1.166953758,0.848952044,0.969417414
chelidonine,1.555740634,1.512264684,1.559072021,1.406879906,1.790053328,27.71880163,13.92962314,10.7750577,13.43499877,13.31881833,0.633638446,0.525036913,0.6132118,0.565370107,0.583668961
Ala-Val,1.537084963,1.196767364,1.28130611,1.348121911,1.383235005,5.312331495,2.382598591,1.516740386,1.622852717,1.384171229,0.066386319,0.054674636,0.061150916,0.057536193,0.061319598
Gatifloxacin,1.529410929,1.60948236,1.536129989,1.655388187,1.961280441,31.28848362,17.07460251,13.27165643,16.27422726,15.08668989,0.711757053,0.560171305,0.667933843,0.638087377,0.646253545
Rimantadine,1.526581606,1.537448382,1.490030127,1.520299843,1.786287339,28.92586609,15.13550494,11.52059587,13.86459538,13.0423036,0.611224156,0.506437687,0.527708966,0.578927126,0.556465797
3-Methylpyrazole,1.505765579,1.565846998,1.679326566,1.319061609,1.757294751,33.27883935,16.73566851,10.18823589,15.10640361,13.5071814,0.654992512,0.57590021,0.601413779,0.546684566,0.786098196
"4,4'-Thiodianiline",1.478336595,1.350833334,1.441865264,1.629180051,1.716256455,26.18766049,15.59553523,9.77165336,13.15546495,13.29261717,0.45636582,0.351598829,0.332296128,0.376844014,0.254030482
Mitoxantrone Hydrochloride,1.43596952,1.478442949,1.518191424,1.283244141,1.674708654,25.70759315,13.45599677,9.909645771,11.43271439,12.8634041,0.620498732,0.498017594,0.553927551,0.501648592,0.519751544
Crotonoside,1.418426939,1.299325779,1.392248728,1.271212702,1.577260537,27.7334694,12.22725786,9.310636764,12.76206249,12.33518091,0.372017067,0.253803096,0.224459763,0.279305049,0.308583271
3-Methyloxyindole; AIF,1.409958472,1.560543407,2.027004113,1.053089952,1.320298872,21.82299519,12.30826324,8.483112293,17.74603418,13.52267212,0.577274195,0.409022008,0.487144428,0.463683544,0.660360698
PILOCARPINE NITRATE,1.406939058,1.239507769,1.369576589,1.175214402,1.360146595,22.88012246,11.95385886,8.516542192,9.972664564,10.33243097,0.460630687,0.373242142,0.451640347,0.425220586,0.456577041
Azobenzol,1.394846523,0.448261509,0.269676089,0.240270386,0.245155026,3.533982285,2.048045602,1.414674935,1.949538168,1.62901534,0.085702233,0.075854876,0.089243216,0.093991233,0.086918531
Leucyl-leucine,1.391081443,0.842337486,0.967372293,0.870671811,1.015817503,17.28378739,10.58762902,5.755366722,8.479565102,8.454247232,0.310818702,0.338585884,0.211125662,0.226535155,0.284584003
2-Amino-6-methylmercaptopurine,1.383493324,1.314989015,1.215273482,1.179078317,1.471884786,23.49485705,12.84122717,9.064174312,11.77407724,11.12444599,0.466532413,0.419291308,0.420761369,0.457320713,0.452977951
Fuberidazole,1.382290967,1.33867594,1.528164622,1.156526785,1.689368656,24.02382614,12.65160353,7.650866141,9.931923244,10.45495461,0.337927771,0.187191739,0.231155625,0.214096109,0.291914903
N-Cyclohexylformamide,1.380665798,1.619571045,1.596089174,1.336713469,1.598800251,28.04918407,14.63712822,9.717660229,12.55903311,11.60952678,0.372978325,0.260382499,0.320469506,0.277276485,0.306680791
Bestatin,1.378582204,1.482643485,1.459739516,1.243309476,1.669855987,28.29892435,14.75225356,10.04373639,11.98504123,12.58224381,0.587915384,0.482671558,0.603169609,0.480116817,0.513004164
PS 27:1,1.360026297,1.367154108,1.473131166,1.26009611,1.497081761,24.94897958,13.04516807,9.725751892,12.19346372,10.99477561,0.541438556,0.476471317,0.595275407,0.508538842,0.512722802
Pyrimethamine,1.355116124,1.322617087,1.390499094,1.323565315,1.516551986,23.25842157,9.584332456,9.151969257,12.36164857,11.22407099,0.542356544,0.438371493,0.53323589,0.510192929,0.482022927
Palmitic Acid,1.336617035,1.332290984,1.391599378,1.205978551,1.492054243,23.88753315,12.26396109,9.192283596,11.05585026,10.69854053,0.297837674,0.260679803,0.205388321,0.265787716,0.313953628
Methohexital,1.326556072,1.257130877,1.343429032,1.188412367,1.415514387,23.61306687,11.23231226,8.760765874,11.19416598,11.09587936,0.370425077,0.259365171,0.26882707,0.327685967,0.303206345
Daidzein,1.325690989,1.419667805,1.363740978,1.415105227,1.674972164,23.7472989,14.22477999,11.38274073,13.99907426,12.88345644,0.473006464,0.348512942,0.373748833,0.392086582,0.41387302
Choline,1.319017881,1.388536746,1.217770571,1.202002579,1.188937317,20.51942304,10.44622035,8.041095382,10.16845354,10.51512005,0.60808906,0.493252048,0.640401145,0.527281828,0.568916872
Dopamine,1.310213598,1.799341514,1.32012182,1.760484679,2.33282597,66.82202324,18.12766037,24.94873481,13.46376463,13.30393793,2.957469372,2.322119428,2.627125658,2.873660722,3.223344645
3-aminonon-5-enoic acid,1.296413452,1.346575576,1.09773056,0.780516691,0.792512924,12.46391365,7.861110895,5.094320141,8.777029702,9.590589449,0.489301722,0.301352799,0.259943555,0.28092562,0.298925731
Indirubin,1.272799357,1.101878194,1.152922499,1.126321982,1.244494778,20.26213561,11.19671726,7.889079697,9.452312701,9.067033329,0.417678241,0.333477257,0.385164716,0.368799822,0.412498494
Guanine,1.259332809,1.265334061,1.349007923,1.213755552,1.397688758,22.27997971,11.85177858,8.681452912,11.39114084,11.0362951,0.50160761,0.410244879,0.468889429,0.453763268,0.480519756
Norharman,1.258910731,1.233470046,1.599094686,1.335880144,1.402381946,22.96661252,10.89980041,7.25761608,10.37493424,10.01406524,0.531706634,0.429416262,0.52855909,0.374777761,0.419425972
Benzamidine,1.255997753,1.222718907,1.162460606,1.089376602,1.441721758,20.00076489,11.93277644,8.575295749,11.26310867,10.23300692,0.501189993,0.42960054,0.505662455,0.531279786,0.484316927
Piperidine,1.23080872,1.252842188,1.280077413,1.250987299,1.363820728,22.15943965,12.27667441,8.343111552,12.2468868,11.0330239,0.812125073,0.747908575,1.057829837,0.677173608,0.697910513
Pyridoxamine 5-phosphate,1.210937276,1.201468787,1.240513917,1.206970412,1.317433125,26.29069685,14.18682354,9.908671821,12.94041691,11.60065384,0.421149453,0.384849028,0.45293214,0.462691692,0.454531651
Noroxymorphone,1.18959041,1.21211089,1.389431251,1.247724627,1.451406795,23.32300973,12.07442179,8.850726375,10.8951306,12.20802952,0.481900103,0.442824504,0.4385737,0.413525395,0.201530442
Estragole,1.181577598,1.066687362,1.271724533,1.238579708,1.367323232,26.3810374,14.01409998,10.83790503,13.28135149,11.65752894,0.420545369,0.322121898,0.388253505,0.413803616,0.389177739
MGDG 9:0_9:0,1.170591537,0.990137452,1.167534383,1.016889975,1.362903367,20.58185344,10.80009817,8.343497079,10.32855223,9.971955888,0.432701619,0.372796077,0.403643487,0.375507577,0.399198823
4-Methylpyrimidine,1.125038209,1.010933983,1.121589073,1.129166723,1.317725657,20.11892629,10.77729433,8.010958761,9.981478706,5.785106239,0.310286462,0.263685219,0.327388696,0.210107465,0.361751279
PS 26:3,1.116744594,1.07031287,1.147793756,1.070395715,1.212339713,20.33995566,10.22318726,7.716096591,9.930517515,9.33062255,0.413522395,0.338563689,0.374082187,0.346436543,0.399009761
MGDG 7:0_7:0,1.110998906,0.904560079,1.075518204,0.87050476,0.95379936,17.06459231,8.250867135,6.637869704,8.178434942,7.379486783,0.40322862,0.410911702,0.279957473,0.384544608,0.447967321
axinastatin 3,1.102263607,0.968400679,1.145552828,0.997317733,0.905625209,15.22120493,12.27896895,7.44169674,7.244157388,6.990584124,0.409477798,0.423120705,0.343923473,0.463221674,0.362667241
Isoproturon-didemethyl,1.08791999,1.021375752,1.197961463,0.956355382,1.253036385,17.7172167,9.256632705,7.400019112,9.16760107,9.449043836,0.410500169,0.312926726,0.386670184,0.363721468,0.375601051
Carveol,1.083724174,1.429287129,2.140851067,2.142424374,2.638862034,39.97089819,22.75463159,11.49240822,20.92774246,19.12655208,0.736297879,0.34351921,0.670765531,0.558175729,0.655221353
CADAVERINE,1.080233965,1.128290391,1.009197752,0.934764197,0.535311872,20.8195848,11.84093772,8.607903315,10.48386604,12.57607082,0.530744282,0.440435105,0.50253963,0.419413773,0.514702033
Vinyl Carbamate,1.06823881,2.89979364,1.22202277,1.979922649,1.348733557,40.18890628,9.633899204,23.05740419,10.55023174,9.468498493,0.459109916,0.372684953,0.396927971,0.44756504,0.818664505
2-Naphthylamine,1.061028779,1.123910486,0.103162781,1.579521948,1.651958321,27.96524287,16.85824065,12.61503749,12.97256258,13.19980609,0.555184568,0.441136559,0.251832708,0.423527303,0.543839874
Salinosporamide A,1.058397938,1.045307709,1.026962212,0.955714343,1.170180216,20.83363371,9.279448338,6.785670577,8.398582301,8.215367642,0.407987805,0.349286617,0.375491016,0.40574685,0.424789797
4-Ethylbenzaldehyde,1.043576824,1.300924056,1.304047469,1.205738256,1.569401435,22.94808134,12.55253221,8.73565298,11.53530731,11.23302256,0.511522912,0.379569421,0.44846773,0.446542063,0.435682568
Glutamic acid,1.033235721,1.086990306,1.00351314,0.873086656,1.002285635,15.79095327,8.205708174,6.309245239,8.223717179,9.269775297,0.466843813,0.325578833,0.415921703,0.364093992,0.394269971
Threonylleucine ,1.018190342,1.128025474,1.244791087,1.075629185,1.221711745,26.54906744,12.02995429,10.65080999,13.64559323,12.89662035,2.520795394,2.038428576,2.783434006,2.289998838,2.360526046
"2,3-DIAMINOPROPIONIC ACID",1.010709635,0.748056668,2.151178194,0.766683058,2.363959245,35.64802974,7.691774349,15.13502411,8.065035987,17.97858575,1.047243184,0.26266059,0.378079167,0.301718108,0.302779223
Arachidic Acid,0.988031555,0.931344099,1.037168316,0.923953748,1.146348923,18.66664376,9.376419353,7.545872789,9.394935973,8.792187586,0.438708512,0.40658584,0.422803162,0.366877548,0.411438317
3-Indoleacrylic acid,0.986627626,1.336654184,1.224394281,1.181568395,1.612091775,28.2387973,14.68399331,10.16731578,13.25262264,12.13016993,0.429927101,0.349196187,0.349627712,0.37139918,0.421231789
Cyclo-prolylglycine,0.983070382,0.691876191,0.692897404,0.634665164,1.098538105,10.08220275,7.019391133,5.689429719,6.184066056,6.150204964,0.213320363,0.208664237,0.201437173,0.239991822,0.250430253
PS 18:0,0.97438217,0.960402721,0.941890884,0.962807232,1.138122198,18.72238278,10.67510796,7.644211206,9.609733254,8.635818498,0.417680422,0.354541512,0.34364233,0.402482514,0.402816266
Nordeprenyl,0.963168438,1.107768773,1.201378368,0.986028497,1.265104646,18.69143104,9.250930922,7.112206627,8.30658985,8.250369561,0.076784165,0.048334113,0.022777474,0.040119016,0.029720495
Cytosine,0.962670459,0.960832307,1.075030622,1.068708086,1.202192697,15.14895972,9.354532422,7.63382266,9.663800285,8.55093214,0.502215513,0.445378639,0.642498256,0.537862076,0.544459082
Phenethylacetate,0.948697305,0.919341993,0.917665142,0.867583659,0.993720723,1.394273114,6.093859568,6.392565198,6.265107181,7.995796236,0.332394395,0.303520907,0.213580806,0.325643268,0.234849622
DGDG O-9:0_22:4,0.932741739,0.92456133,0.885787285,0.818601586,1.025091826,13.83732503,6.182025213,4.535326292,5.328475295,5.56908993,0.372463097,0.316047884,0.379982996,0.296136985,0.323294059
"N,N-Dimethyldodecylamine N-oxide",0.929439076,0.999937856,0.958527888,0.922155125,1.207247328,18.7554549,9.152924173,6.871276652,9.24656345,8.132125537,0.352991563,0.26175123,0.27546271,0.290313337,0.302173883
5-Methoxytryptophol,0.92125724,0.831423125,0.812629653,0.834909404,0.855185361,14.62056318,8.032669725,5.970558126,8.856073432,7.556153933,0.26164017,0.372741665,0.437989369,0.37004451,0.308022542
8-Hydroxyquinoline,0.914633679,1.051856202,1.490926383,0.939703289,1.142850023,23.27578494,9.226917531,7.183596788,9.369852248,8.619053955,0.79658339,0.597982356,0.668187602,0.713770728,0.853499138
4-Guanidinobutyric acid,0.914542729,1.290111757,0.774684314,1.180647144,0.879356988,15.41594095,8.499474964,5.36109466,7.043956311,6.447887635,0.477995875,0.273277936,0.335735253,0.309836641,0.335454528
Oxycodone,0.912391113,0.839976165,0.936523826,0.834928295,1.091124094,15.91862561,8.94530732,6.938982157,8.451076047,7.923391609,0.342316017,0.277847644,0.324557871,0.31205639,0.321690142
Glutamylglutamic acid,0.905278289,0.913678049,0.787168413,0.765913568,0.710383118,14.52397266,5.97577095,4.73702649,6.587148248,5.706138664,0.289000306,0.246607525,0.311211385,0.31526382,0.372731581
CATECHOL,0.891471113,0.809963814,0.599511929,0.936809047,4.761422431,16.61919916,13.37923701,2.807388525,13.14275361,6.649252707,0.324143537,0.221688369,0.207760701,0.134433763,0.37943701
MGDG O-22:6_4:0,0.890253096,0.828663179,0.934864766,0.787134066,0.930155713,16.59469356,7.806910724,6.099880669,6.751072856,7.103754852,0.363020593,0.456651996,0.321427797,0.315103256,0.306396301
ADIPATE,0.885553518,0.875584575,0.989893818,0.892547046,1.007843932,17.97064268,9.710219353,6.976351224,8.905425276,7.722454749,0.362759646,0.316272775,0.323941618,0.320249366,0.34274449
3-hydroxyphenylacetic acid,0.867111538,0.522230071,0.575922615,0.80309913,0.637238828,9.64682141,7.787997753,5.427342585,7.255336612,4.529233679,0.318585384,0.174774449,0.307361998,0.284743113,0.230310022
1-acetyl carboline,0.858240414,0.858447459,1.134998643,0.851155544,1.373010084,20.64181314,9.00099745,6.172653521,12.0589059,7.088635117,0.410659266,0.306919326,0.503400254,0.334504038,0.465289286
4-IMIDAZOLEACETIC ACID,0.856722469,0.90883086,0.83975474,0.911671947,0.929018882,13.30243321,7.184626154,5.563219077,6.727900571,6.453220994,0.952549684,0.382998265,0.517641771,0.418857892,0.365159752
Adenine,0.852059687,0.877206707,0.907996112,0.835511696,0.950455414,18.05213852,6.192649642,6.432437486,7.550196479,7.353004176,0.242582299,0.274244946,0.236961545,0.290598918,0.301132879
"3-(3,4-dihydroxyphenyl)propanoic acid",0.846879504,0.972422448,0.887640446,0.8950314,0.853367169,15.85899218,9.422591155,6.345725318,6.560627509,7.404452079,0.370513888,0.249131082,0.341086492,0.330963766,0.289918074
Chaetoglobosin A,0.846520824,0.717534356,0.73411692,0.692228746,0.834632865,14.50195488,7.893798952,5.246769724,6.85588425,6.479476922,0.226306255,0.157382739,0.1653035,0.195655616,0.195927759
Phenol,0.842453602,0.848600483,0.879934181,0.855970666,0.961083595,16.51087315,9.067528996,6.265373382,8.466330149,7.645180635,0.281224785,0.210979843,0.216399499,0.255298692,0.233918389
Nudifloramide,0.833292516,0.790898393,1.150867789,0.968753862,1.092739322,9.656836887,5.136775717,4.623663865,4.706559807,5.529673154,0.631912402,0.473504825,0.797268291,0.525995634,0.561331321
Ortophosphate,0.823237978,0.834539868,0.860581435,0.734183563,0.965382407,14.57283549,8.060009144,5.610930244,7.180587132,7.475331804,0.281742808,0.25800705,0.272843605,0.274641566,0.219835763
MG 15:0,0.820796577,0.847979772,0.87480771,0.916567466,1.11474906,10.51411162,5.565704374,4.537771295,6.059649893,5.21552407,0.294982206,0.27294309,0.294820528,0.28119017,0.301904821
INDOLE-3-ACETAMIDE,0.817413222,0.773595336,0.889725344,0.758533856,0.920601993,15.95636141,8.073689821,6.174808309,7.568945905,7.690564219,0.691324477,0.635502605,0.939233158,0.537022805,0.565872327
Methyl-3-hydroxybutyric acid,0.807283953,0.744053486,0.841667821,0.694404216,0.955657884,14.72090154,7.451370644,5.630614925,7.312808058,6.899424896,0.307809105,0.254683092,0.286534807,0.278612621,0.303187466
2-methylquinolin-8-ol,0.799175889,0.640777691,0.961062209,0.773614589,1.028789866,14.31428146,8.536598213,5.798628108,7.888308391,7.469201937,0.298116212,0.155960789,0.227346348,0.291353068,0.270896616
Carbutamide,0.788286251,1.037729484,1.369194349,0.917323832,1.191090212,10.36186589,8.776506824,6.81332086,14.48371624,14.56187966,0.330307369,0.437826933,0.635524311,0.300750396,0.264886098
Tryptamine,0.787715077,0.793890153,0.393744519,0.78473383,0.932181604,15.62812704,8.074669631,6.333392381,7.838298913,7.284294606,0.400933821,0.376596678,0.267761299,0.345594263,0.408580836
DIETHANOLAMINE,0.767924201,0.836613671,0.90366099,0.721517914,0.997292827,15.62984427,8.373811307,5.686782081,7.175745276,7.057139225,0.356649682,0.257880987,0.280209912,0.29735183,0.3036208
DGDG O-9:0_16:3,0.74849897,0.778416654,0.724277578,0.838451788,0.77684368,14.31724363,7.775937,5.300536057,7.272279784,6.874876384,0.357082583,0.27838859,0.377779902,0.346372955,0.358590662
IS,0.735541797,0.756298947,0.757241709,0.648330371,0.828553439,14.38076924,6.987732061,5.26193348,6.630175901,6.495812665,0.290387596,0.251775748,0.28904466,0.291903907,0.262585425
Khivorin,0.729794869,0.704529306,0.818646147,0.751922163,0.92034558,15.39572076,9.441321791,6.800422738,8.728840482,8.286086634,0.736415211,0.744861635,1.111419241,0.574159331,0.651006262
Methioninesulfoxide,0.721133659,0.665386034,0.671964116,0.744068022,0.729496212,12.10434769,6.044717102,4.671441343,5.414352467,5.137792898,0.258562868,0.180023126,0.212756724,0.239002559,0.240215036
N-Arachidonoyl Dopamine,0.711249753,0.691558049,0.699726995,0.620537811,0.759330045,12.07989598,6.390602098,4.729462556,5.660941724,5.524456858,0.138869295,0.105382499,0.079282873,0.122166871,0.133620784
Monolaurin,0.708802979,0.724342527,0.763343674,0.679770763,0.707826241,12.48725119,6.593903522,5.102225666,6.076240922,5.718552915,0.287940133,0.216370752,0.228982277,0.236405554,0.261779575
Phthalic anhydride,0.704480334,0.748693613,0.792071154,0.660513849,0.825739351,13.19842912,9.050825377,5.249390655,6.052530109,5.800135911,0.308171998,0.22356495,0.238465314,0.219011813,0.249329089
2-Aminoacetophenone,0.69793924,0.764973803,0.415330115,0.463843953,1.076015886,17.67267987,7.265910965,7.007508728,3.968999011,3.225605221,0.185920597,0.126767216,0.252128374,0.268150476,0.317374715
PSEUDOURIDINE,0.674877851,1.576242919,1.635760472,0.884542914,0.908409402,33.32967884,9.524407502,12.15624466,15.66902383,8.067893124,0.646431347,0.442421234,0.501316881,0.517632413,0.514137885
ROBUSTIC ACID,0.659228916,0.606635439,0.657972281,0.595487123,0.658558346,8.239782644,4.30041321,3.183522235,4.265823991,3.821460975,0.427405829,0.386824867,0.455523171,0.321056886,0.377167785
1-hydroxypyrene,0.65551795,0.70276927,0.681012464,0.881373288,0.752291034,12.21743099,7.985477731,7.730813906,7.142642405,6.196252987,0.286347659,0.434895626,0.232058917,0.342722447,0.454760442
Pyrimidinol,0.655371487,0.6430487,0.77743653,0.627913775,0.759531014,13.10330191,6.250212736,4.442914002,5.588860894,4.774240455,0.243040205,0.181752362,0.184382394,0.220168749,0.21350549
Anatabine,0.638384815,0.597670412,0.63732391,0.597718712,0.723773598,10.94270277,6.077593146,3.995314235,6.128672459,4.555280939,0.231211753,0.193893834,0.224957483,0.212846791,0.21983635
Azaserine,0.634482116,0.612164803,0.591381879,0.661460959,0.714409599,11.07281738,6.044675678,4.794556144,5.620474583,5.356260956,0.23247205,0.171865628,0.179382641,0.225140439,0.224404383
Eucalyptol,0.626661158,0.704502801,0.579869543,0.50720067,0.581203876,9.053645256,4.416691495,3.539498986,4.927875305,5.040063788,0.24820458,0.172692678,0.209247441,0.184359485,0.193053366
Dihydrothymine,0.612418075,0.5691028,0.799502669,0.620879404,0.784013843,9.329237347,5.974580881,4.387928144,4.377907098,4.718155443,0.274734648,0.216855179,0.254311814,0.216478001,0.207555047
N-Acetylcysteine,0.611102814,0.579505172,0.662172674,0.549429266,0.699089186,9.794801002,5.644199933,3.626743254,4.715729379,4.331812131,0.185660463,0.172275941,0.18257333,0.178207843,0.206657712
Skatole,0.608424416,0.599047191,0.598722383,0.594262251,0.577724813,10.568063,5.035839471,4.016109445,5.385488496,4.510505826,0.268691023,0.222557491,0.266868994,0.243881,0.282796444
2-Phenylpiperidine-2-acetamide,0.601416468,0.302835576,0.621824594,0.487453004,0.645937164,9.660421985,5.688117782,4.41773035,5.922886684,7.218651075,0.322112951,0.163004996,0.22796624,0.042959522,0.205878013
SPB 14:0;2O,0.599730996,0.5972474,0.624038751,0.58077985,0.681071719,11.66904075,5.888192077,4.556598671,5.410138305,5.178578598,0.200155782,0.145456453,0.146601454,0.16647743,0.182062631
Maltose,0.58934201,0.613921966,0.561710747,0.498500248,0.697934389,10.41835643,5.658616169,3.999082695,4.915689317,4.752408746,0.208106338,0.183272305,0.210657849,0.209809491,0.199072301
2-(hydroxymethyl)-4(3H)-quinazolinone,0.58026057,0.606932793,0.588577145,0.592240672,0.720610551,11.89259337,5.224128272,4.696030492,5.009777585,5.649546786,0.272117043,0.250218598,0.246309586,0.294833846,0.242536192
Melatonin,0.566015015,0.590353902,0.617118897,0.590842072,0.618359093,10.52518199,5.673290197,3.990621932,5.739069391,5.090059589,0.231877348,0.188882704,0.217215806,0.211105653,0.216660043
KOBUSONE,0.552720355,0.577740274,0.509823699,0.418120707,0.480084838,6.980890601,3.512129133,2.819010505,3.831342613,3.843567795,0.196541761,0.146346423,0.1751302,0.154576812,0.162734572
Hederin,0.548989056,0.541453692,0.580408389,1.064029614,0.669856121,11.96697623,11.8525995,9.808436045,11.88150443,12.35663588,0.46680966,0.344643437,0.170364276,0.225141325,0.401489525
Mescaline,0.519957145,0.544485281,0.592735858,0.489000654,0.557058755,9.998100837,4.983498007,3.484605478,4.525346554,4.131291692,0.158658829,0.125457928,0.118959753,0.138917133,0.165163328
Oxypurinol,0.51366978,0.514089143,0.52929576,0.494915528,0.600593771,9.448303808,5.246814514,3.660350553,5.251729041,4.687082032,0.204247325,0.161742569,0.163120692,0.180362277,0.178335813
Tacrine,0.513116206,0.534604003,0.589116965,0.535715833,0.535214957,15.00929089,7.677250351,5.378801409,4.726143393,6.52453854,0.215932145,0.269787158,0.211688427,0.302904427,0.175071095
"2,3-dihydroxypropyl 12-methyltridecanoate",0.511284882,0.539974769,0.561114141,0.457652426,0.559867001,9.932464529,5.59034016,3.804180891,4.613535593,4.778663649,0.207246153,0.176144853,0.196436449,0.195942964,0.184063933
PI 25:6,0.499906608,0.474724285,0.493695921,0.475870356,0.55194601,9.173085534,4.762154091,3.63251111,4.971840314,4.504790368,0.212545778,0.174068402,0.134929948,0.191957731,0.181323769
4-Hydroxybenzaldehyde,0.491508406,0.221172597,0.329812832,0.251622151,0.291389466,4.828414849,2.390987558,1.62322556,2.654045391,2.086194414,0.145603689,0.076154043,0.056248407,0.065888163,0.0492768
Velvione,0.488822933,0.468396471,0.407047946,0.428896278,0.512308986,2.069338014,1.621299737,1.676186773,2.023854243,1.811138078,0.151946254,0.142698625,0.14424299,0.155224189,0.139157551
Nornicotine,0.488472866,0.497954928,0.520186832,0.466842916,0.581823618,11.25113411,6.43892287,4.2006308,4.981866077,4.533648903,0.222654615,0.242107587,0.217995451,0.267137305,0.252155791
2-Phenylglycine,0.485444624,0.384164347,0.430355318,0.451619426,0.419415368,5.811111467,1.761899964,2.298715579,2.969065913,2.642059536,0.277508459,0.246167672,0.361348649,0.263589833,0.253870102
Threitol,0.477945538,2.545561872,1.37223336,2.387314945,2.686639841,53.49866719,15.58336765,18.77292964,4.739696933,16.85071636,0.901431432,0.155942557,0.773433871,0.868592399,1.093730522
ANISOMYCIN,0.465018213,0.446993517,0.472781166,0.410092331,0.492703366,8.864823154,4.448887677,3.63777843,4.141143771,4.07428001,0.175407954,0.142838836,0.18083664,0.155828555,0.164447873
Deacetylvindoline,0.461366175,0.465269334,0.529222633,0.388951018,0.558722292,10.73413297,5.69504196,4.149340539,5.536662979,5.997091401,1.429202625,1.30623584,1.781862369,1.251025655,1.332997281
Nalidixic Acid,0.449506415,0.415971627,0.451566164,0.427088301,0.244282577,7.557834483,3.777328228,0.590493676,3.718005042,3.096331212,0.176196348,0.152273535,0.168890088,0.12096465,0.168129968
N-Benzylformamide,0.447420046,0.414624359,0.45548766,0.458609322,0.562323839,8.347567774,4.52296261,3.641245975,4.369244047,4.000610243,0.210370703,0.165007544,0.204803736,0.171080435,0.177256107
Physostigmine,0.443565491,0.468495191,0.410576426,0.357089249,0.382312018,5.185736716,2.369189653,1.992624462,2.764640476,2.456040838,0.17105876,0.14135615,0.175303594,0.144209819,0.158994822
CINNAMIC ACID,0.426876907,0.530318566,0.460494313,0.395128803,0.490267264,7.918165167,4.163733814,3.263768915,3.685362879,3.778433447,0.191704223,0.133140014,0.163713908,0.142187348,0.170882701
Thiazolidine-4-carboxylic acid,0.421590304,0.40785182,0.43023474,0.422898444,0.43697005,7.296049476,3.672802347,2.704686414,3.44082426,3.673473957,0.095948591,0.070809516,0.052689274,0.072947045,0.087889475
Proline,0.41474198,0.49063275,0.415753113,0.358144361,0.366045327,8.488096811,3.366359935,3.551294684,4.815081052,4.655545023,0.202459238,0.150065918,0.174992844,0.177295724,0.151827689
1-Methyladenine,0.414568532,0.371588465,0.382875913,0.355429174,0.450500041,10.35704299,4.485425751,4.047033452,5.213900388,4.029474941,0.176122782,0.144492927,0.214480791,0.154555694,0.167772231
Genistein,0.413435981,0.350196086,0.371746975,0.345140193,0.419348891,6.602446203,3.435441724,2.585273976,3.053280535,3.076182324,0.088314631,0.077461141,0.052193474,0.076019253,0.086944933
BENZYL ALCOHOL,0.389072716,0.450617868,0.486610892,0.444453024,0.471146095,11.40545646,6.206714788,4.008211757,5.808784798,5.266477372,0.405347547,0.362457145,0.505039405,0.336022427,0.356904199
3-Methylhistidine,0.385687656,0.323803633,0.345395837,0.269682975,0.395778055,5.739309547,3.030377025,2.446325681,2.980828415,2.656793994,0.093380257,0.07825244,0.098226893,0.089696737,0.09139678
Indoline,0.385687656,0.323803633,0.346679746,0.269682975,0.378303469,5.453909682,3.030377025,2.446325681,2.980828415,2.743956985,0.096988636,0.07761332,0.095446926,0.082452922,0.09139678
Threonine,0.384877955,0.407130527,0.362343772,0.318757064,0.37240159,6.048887191,2.950449047,2.42300109,3.136734422,3.417258298,0.171833726,0.12050304,0.141427552,0.124749563,0.123477544
Isobutylamine,0.383499288,0.358394275,0.359634981,0.356740398,0.383140259,5.886772935,3.242258888,2.683920998,3.253933786,3.213096949,0.141329164,0.123577976,0.115850076,0.142233248,0.117367106
Methacrylamide,0.382820296,0.361788897,0.369490018,0.468851717,0.430067073,6.736065557,3.321632128,4.128071567,3.528878087,3.146332305,0.160522949,0.117903287,0.155459761,0.179892684,0.192527973
3-Pyridinemthanol,0.380664759,0.321774868,0.338055633,0.314146767,0.47489864,7.644212836,3.094105674,2.581236344,3.421392917,3.101132178,0.154638628,0.108215822,0.166905764,0.140718543,0.135455764
MG 23:0,0.371790098,0.410437733,0.474181638,0.38124155,0.451411204,7.750970135,3.943145072,2.594056016,3.944154511,3.613089216,0.168176358,0.140474157,0.148550968,0.152655094,0.185481802
Ala-Leu,0.366696172,0.380728659,0.408007301,0.307586467,0.496339217,9.815383914,4.55025233,3.723223112,4.76550544,4.457248403,0.102588624,0.056368106,0.101224533,0.097516897,0.064968777
Carnitine,0.365420766,0.351131918,0.398933129,0.384275318,0.393899925,7.493815694,3.984308604,3.136732007,4.062230376,3.389861733,0.296163203,0.297639612,0.394212982,0.247382968,0.251512233
"9,10,11-trihydroxyoctadec-12-enoic acid",0.353545489,0.352489413,0.323402636,0.354314654,0.425436396,6.06841924,3.389443732,2.43375917,3.521864797,3.129075707,0.454419292,0.185186504,0.220333451,0.168092736,0.198318721
6-Naltrexol,0.350383992,0.377698052,0.357898586,0.301408323,0.389493555,6.332029253,2.869888384,2.174797343,2.465265597,2.551283904,0.047627955,0.038979978,0.030904071,0.042407815,0.046685764
Cholesterol,0.349665093,0.323313107,0.378696586,0.504143669,0.433720184,6.137913241,3.481028968,2.408557072,2.737883868,2.580125947,0.105559874,0.136267169,0.098746888,0.174947765,0.129753181
2-(2-Aminoethyl)pyridine,0.346241679,0.308439725,0.155647278,0.324118913,0.889782355,13.5116135,3.896134492,5.820508549,6.855140334,3.227450617,0.283517451,0.182542215,0.190263286,0.20962992,0.151010464
4-Pyridoxic acid,0.334992663,0.283648718,0.331175471,0.28316784,0.446776554,8.341749556,3.4017219,3.330788845,3.040660401,2.610376199,0.169725768,0.106767395,0.132368086,0.183720754,0.163394315
2'-O-Methylcytidine,0.326027089,0.343543461,0.321861452,0.301570518,0.351572204,5.427515132,3.089890282,2.454877167,2.641740375,2.695205365,0.141591949,0.123412392,0.152961344,0.154517475,0.144917178
Mepirizole,0.319125315,0.362533474,0.346443506,0.303567071,0.375950408,6.068872987,2.967610964,2.701359546,2.649096533,2.720439984,0.092288023,0.082784958,0.07257058,0.095614509,0.100867595
Betaine,0.304485527,0.345189578,1.449287458,0.338330018,0.381609454,5.406978081,3.332692989,2.420811146,6.6857,3.001824922,0.147002463,0.12021322,0.122045869,0.135616211,0.131038493
Chaconine,0.300506895,0.280044783,0.329773857,0.301760903,0.564407607,5.469892017,3.149779972,2.281379358,2.848080032,3.004418828,0.125411959,0.10895561,0.143070902,0.108579142,0.111001124
Erucamide,0.296404529,0.306380784,0.296360258,0.298928595,0.374791091,6.098141339,3.085957714,2.331694679,2.909267058,3.041760629,0.158147471,0.10316693,0.132193644,0.123192366,0.12303436
LIGUSTILIDE,0.288886372,0.276280551,0.294736719,0.263677208,0.321473802,5.189227799,2.629832062,1.928246013,2.507158242,2.378190663,0.099143598,0.083542162,0.085239835,0.090099514,0.111278662
Biotin,0.284788166,0.26079563,0.286114708,0.262041507,0.321929882,4.616977479,2.655211789,1.961185676,2.478446296,2.151253489,0.101654262,0.094361706,0.113792365,0.108983057,0.124315052
1-Methylnicotinamide,0.281491611,0.261372839,8.760862732,1.367572089,0.806554737,6.752104741,3.265780754,1.886175684,2.297471516,1.750399693,0.011854314,0.065610075,0.079099509,0.082434604,0.06777688
Ala-Ile,0.275683772,0.272325159,0.281638529,0.278073171,0.303700147,4.240176206,2.510814955,1.855364927,2.308623542,2.421511568,0.106628613,0.0914089,0.09696378,0.098279279,0.050319148
Hydroxyproline,0.262332132,0.277555091,0.25760001,0.258951678,0.306043497,4.562950996,2.895844213,1.991747345,2.262961008,2.213053755,0.086405602,0.089655609,0.079569636,0.093473488,0.108094368
